code_atu,description,source_url
A0,Creator.,https://www.ruthenia.ru/folklore/thompson/a.htm
A10,Nature of the creator.,https://www.ruthenia.ru/folklore/thompson/a.htm
A20,Origin of the creator.,https://www.ruthenia.ru/folklore/thompson/a.htm
A30,Creator,https://www.ruthenia.ru/folklore/thompson/a.htm
A40,Creator,https://www.ruthenia.ru/folklore/thompson/a.htm
A50,Conflict of good and evil creators.,https://www.ruthenia.ru/folklore/thompson/a.htm
A60,Marplot at creation.,https://www.ruthenia.ru/folklore/thompson/a.htm
A70,Creator: miscellaneous motifs.,https://www.ruthenia.ru/folklore/thompson/a.htm
A100,Deity.,https://www.ruthenia.ru/folklore/thompson/a.htm
A110,Origin of the gods.,https://www.ruthenia.ru/folklore/thompson/a.htm
A120,Nature and appearance of the gods.,https://www.ruthenia.ru/folklore/thompson/a.htm
A140,Gods as workmen.,https://www.ruthenia.ru/folklore/thompson/a.htm
A150,Daily life of the gods.,https://www.ruthenia.ru/folklore/thompson/a.htm
A160,Mutual relations of the gods.,https://www.ruthenia.ru/folklore/thompson/a.htm
A170,Deeds of the gods.,https://www.ruthenia.ru/folklore/thompson/a.htm
A180,Gods in relation to mortals.,https://www.ruthenia.ru/folklore/thompson/a.htm
A190,Gods: miscellaneous motifs.,https://www.ruthenia.ru/folklore/thompson/a.htm
A200,God of the upper world.,https://www.ruthenia.ru/folklore/thompson/a.htm
A210,Sky-god.,https://www.ruthenia.ru/folklore/thompson/a.htm
A220,Sun-god.,https://www.ruthenia.ru/folklore/thompson/a.htm
A240,Moon-god.,https://www.ruthenia.ru/folklore/thompson/a.htm
A250,Star-god.,https://www.ruthenia.ru/folklore/thompson/a.htm
A260,God of light.,https://www.ruthenia.ru/folklore/thompson/a.htm
A270,God of dawn.,https://www.ruthenia.ru/folklore/thompson/a.htm
A280,Weather-god.,https://www.ruthenia.ru/folklore/thompson/a.htm
A300,God of the underworld.,https://www.ruthenia.ru/folklore/thompson/a.htm
A310,God of the world of the dead.,https://www.ruthenia.ru/folklore/thompson/a.htm
A400,God of earth.,https://www.ruthenia.ru/folklore/thompson/a.htm
A410,Local gods.,https://www.ruthenia.ru/folklore/thompson/a.htm
A420,God of water.,https://www.ruthenia.ru/folklore/thompson/a.htm
A430,God of vegetation.,https://www.ruthenia.ru/folklore/thompson/a.htm
A440,God of animals.,https://www.ruthenia.ru/folklore/thompson/a.htm
A450,God of trades and professions.,https://www.ruthenia.ru/folklore/thompson/a.htm
A460,Gods of abstractions.,https://www.ruthenia.ru/folklore/thompson/a.htm
A490,Miscellaneous gods of the earth.,https://www.ruthenia.ru/folklore/thompson/a.htm
A500,Demigods and culture heroes.,https://www.ruthenia.ru/folklore/thompson/a.htm
A510,Origin of the culture hero (demigod).,https://www.ruthenia.ru/folklore/thompson/a.htm
A520,Nature of the culture hero (demigod).,https://www.ruthenia.ru/folklore/thompson/a.htm
A530,Culture hero establishes law and order.,https://www.ruthenia.ru/folklore/thompson/a.htm
A560,Culture hero,https://www.ruthenia.ru/folklore/thompson/a.htm
A570,Culture hero still lives.,https://www.ruthenia.ru/folklore/thompson/a.htm
A580,Culture hero,https://www.ruthenia.ru/folklore/thompson/a.htm
A590,Demigods and culture heroes--miscellaneous.,https://www.ruthenia.ru/folklore/thompson/a.htm
A600,Creation of the universe.,https://www.ruthenia.ru/folklore/thompson/a.htm
A610,Creation of universe by creator.,https://www.ruthenia.ru/folklore/thompson/a.htm
A620,Spontaneous creation of universe.,https://www.ruthenia.ru/folklore/thompson/a.htm
A630,Series of creations.,https://www.ruthenia.ru/folklore/thompson/a.htm
A640,Other means of creating the universe.,https://www.ruthenia.ru/folklore/thompson/a.htm
A650,The universe as a whole.,https://www.ruthenia.ru/folklore/thompson/a.htm
A660,Nature of the upper world.,https://www.ruthenia.ru/folklore/thompson/a.htm
A670,Nature of the lower world.,https://www.ruthenia.ru/folklore/thompson/a.htm
A690,Miscellaneous worlds.,https://www.ruthenia.ru/folklore/thompson/a.htm
A700,Creation of the heavenly bodies.,https://www.ruthenia.ru/folklore/thompson/a.htm
A710,Creation of the sun.,https://www.ruthenia.ru/folklore/thompson/a.htm
A720,Nature and condition of the sun.,https://www.ruthenia.ru/folklore/thompson/a.htm
A740,Creation of the moon.,https://www.ruthenia.ru/folklore/thompson/a.htm
A750,Nature and condition of the moon.,https://www.ruthenia.ru/folklore/thompson/a.htm
A760,Creation and condition of the stars.,https://www.ruthenia.ru/folklore/thompson/a.htm
A770,Origin of particular stars.,https://www.ruthenia.ru/folklore/thompson/a.htm
A780,"The planets (comets, etc.",https://www.ruthenia.ru/folklore/thompson/a.htm
A790,The heavenly lights.,https://www.ruthenia.ru/folklore/thompson/a.htm
A800,Creation of the earth.,https://www.ruthenia.ru/folklore/thompson/a.htm
A810,Primeval water: In the beginning everything is covered with,https://www.ruthenia.ru/folklore/thompson/a.htm
A820,Other means of creation of earth.,https://www.ruthenia.ru/folklore/thompson/a.htm
A830,Creation of earth by creator.,https://www.ruthenia.ru/folklore/thompson/a.htm
A840,Support of the earth.,https://www.ruthenia.ru/folklore/thompson/a.htm
A850,Changes in the,https://www.ruthenia.ru/folklore/thompson/a.htm
A870,Nature and,https://www.ruthenia.ru/folklore/thompson/a.htm
A910,Origin of water,https://www.ruthenia.ru/folklore/thompson/a.htm
A920,Origin of the,https://www.ruthenia.ru/folklore/thompson/a.htm
A930,Origin of streams.,https://www.ruthenia.ru/folklore/thompson/a.htm
A940,Origin of other,https://www.ruthenia.ru/folklore/thompson/a.htm
A950,Origin of the,https://www.ruthenia.ru/folklore/thompson/a.htm
A960,Creation of,https://www.ruthenia.ru/folklore/thompson/a.htm
A970,Origin of rocks,https://www.ruthenia.ru/folklore/thompson/a.htm
A980,Origin of,https://www.ruthenia.ru/folklore/thompson/a.htm
A990,Other land,https://www.ruthenia.ru/folklore/thompson/a.htm
A1000,World,https://www.ruthenia.ru/folklore/thompson/a.htm
A1010,Deluge.,https://www.ruthenia.ru/folklore/thompson/a.htm
A1020,Escape from,https://www.ruthenia.ru/folklore/thompson/a.htm
A1030,World-fire.,https://www.ruthenia.ru/folklore/thompson/a.htm
A1040,Continuous winter,https://www.ruthenia.ru/folklore/thompson/a.htm
A1050,Heavens break up,https://www.ruthenia.ru/folklore/thompson/a.htm
A1070,Fettered monster’s escape at end of world.,https://www.ruthenia.ru/folklore/thompson/a.htm
A1080,Battle at end of,https://www.ruthenia.ru/folklore/thompson/a.htm
A1090,World calamities,https://www.ruthenia.ru/folklore/thompson/a.htm
A1100,Establishment of,https://www.ruthenia.ru/folklore/thompson/a.htm
A1110,Establishment of,https://www.ruthenia.ru/folklore/thompson/a.htm
A1120,Establishment of,https://www.ruthenia.ru/folklore/thompson/a.htm
A1129.1,Colors of,https://www.ruthenia.ru/folklore/thompson/a.htm
A1130,Establishment of,https://www.ruthenia.ru/folklore/thompson/a.htm
A1150,Determination of,https://www.ruthenia.ru/folklore/thompson/a.htm
A1160,Determination of,https://www.ruthenia.ru/folklore/thompson/a.htm
A1170,Origin of night,https://www.ruthenia.ru/folklore/thompson/a.htm
A1180,Establishment of,https://www.ruthenia.ru/folklore/thompson/a.htm
A1200,Creation of man.,https://www.ruthenia.ru/folklore/thompson/a.htm
A1210,Creation of man,https://www.ruthenia.ru/folklore/thompson/a.htm
A1220,Creation of man,https://www.ruthenia.ru/folklore/thompson/a.htm
A1230,Emergence or,https://www.ruthenia.ru/folklore/thompson/a.htm
A1240,Man made from,https://www.ruthenia.ru/folklore/thompson/a.htm
A1250,Man made from,https://www.ruthenia.ru/folklore/thompson/a.htm
A1260,Mankind made from,https://www.ruthenia.ru/folklore/thompson/a.htm
A1270,Primeval human,https://www.ruthenia.ru/folklore/thompson/a.htm
A1280,First man,https://www.ruthenia.ru/folklore/thompson/a.htm
A1290,Creation of man--other,https://www.ruthenia.ru/folklore/thompson/a.htm
A1300,Ordering of human,https://www.ruthenia.ru/folklore/thompson/a.htm
A1310,Arrangement of,https://www.ruthenia.ru/folklore/thompson/a.htm
A1320,Determination of,https://www.ruthenia.ru/folklore/thompson/a.htm
A1330,Beginnings of,https://www.ruthenia.ru/folklore/thompson/a.htm
A1350,Origin of sex,https://www.ruthenia.ru/folklore/thompson/a.htm
A1360,Man’s growth and maturity.,https://www.ruthenia.ru/folklore/thompson/a.htm
A1370,Origin of mental,https://www.ruthenia.ru/folklore/thompson/a.htm
A1390,Ordaining of,https://www.ruthenia.ru/folklore/thompson/a.htm
A1400,Acquisition of,https://www.ruthenia.ru/folklore/thompson/a.htm
A1410,Acquisition of,https://www.ruthenia.ru/folklore/thompson/a.htm
A1420,Acquisition of,https://www.ruthenia.ru/folklore/thompson/a.htm
A1430,Acquisition of,https://www.ruthenia.ru/folklore/thompson/a.htm
A1440,Acquisition of,https://www.ruthenia.ru/folklore/thompson/a.htm
A1460,Acquisition of,https://www.ruthenia.ru/folklore/thompson/a.htm
A1470,Beginning of,https://www.ruthenia.ru/folklore/thompson/a.htm
A1480,Acquisition of,https://www.ruthenia.ru/folklore/thompson/a.htm
A1490,Acquisition of,https://www.ruthenia.ru/folklore/thompson/a.htm
A1500,Origin of,https://www.ruthenia.ru/folklore/thompson/a.htm
A1510,Origin of eating,https://www.ruthenia.ru/folklore/thompson/a.htm
A1520,Origin of hunting,https://www.ruthenia.ru/folklore/thompson/a.htm
A1530,Origin of social,https://www.ruthenia.ru/folklore/thompson/a.htm
A1540,Origin of,https://www.ruthenia.ru/folklore/thompson/a.htm
A1550,Origin of customs,https://www.ruthenia.ru/folklore/thompson/a.htm
A1560,Origin of customs,https://www.ruthenia.ru/folklore/thompson/a.htm
A1570,Origin of,https://www.ruthenia.ru/folklore/thompson/a.htm
A1580,Origin of laws.,https://www.ruthenia.ru/folklore/thompson/a.htm
A1590,Origin of other,https://www.ruthenia.ru/folklore/thompson/a.htm
A1600,Distribution and,https://www.ruthenia.ru/folklore/thompson/a.htm
A1610,Origin of various,https://www.ruthenia.ru/folklore/thompson/a.htm
A1620,Distribution of,https://www.ruthenia.ru/folklore/thompson/a.htm
A1630,Wandering of,https://www.ruthenia.ru/folklore/thompson/a.htm
A1640,Origin of tribal,https://www.ruthenia.ru/folklore/thompson/a.htm
A1650,Origin of,https://www.ruthenia.ru/folklore/thompson/a.htm
A1660,Characteristics,https://www.ruthenia.ru/folklore/thompson/a.htm
A1670,Characteristics,https://www.ruthenia.ru/folklore/thompson/a.htm
A1680,Characteristics,https://www.ruthenia.ru/folklore/thompson/a.htm
A1690,Distribution and,https://www.ruthenia.ru/folklore/thompson/a.htm
A1700,Creation of,https://www.ruthenia.ru/folklore/thompson/a.htm
A1710,Creation of,https://www.ruthenia.ru/folklore/thompson/a.htm
A1730,Creation of,https://www.ruthenia.ru/folklore/thompson/a.htm
A1750,Animals created,https://www.ruthenia.ru/folklore/thompson/a.htm
A1770,Creation of,https://www.ruthenia.ru/folklore/thompson/a.htm
A1790,Creation of,https://www.ruthenia.ru/folklore/thompson/a.htm
A1800,Creation of,https://www.ruthenia.ru/folklore/thompson/a.htm
A1810,Creation of,https://www.ruthenia.ru/folklore/thompson/a.htm
A1820,Creation of,https://www.ruthenia.ru/folklore/thompson/a.htm
A1830,Creation of,https://www.ruthenia.ru/folklore/thompson/a.htm
A1840,Creation of,https://www.ruthenia.ru/folklore/thompson/a.htm
A1860,Creation of,https://www.ruthenia.ru/folklore/thompson/a.htm
A1870,Creation of,https://www.ruthenia.ru/folklore/thompson/a.htm
A1890,Creation of other,https://www.ruthenia.ru/folklore/thompson/a.htm
A1900,Creation of,https://www.ruthenia.ru/folklore/thompson/a.htm
A1910,Creation of,https://www.ruthenia.ru/folklore/thompson/a.htm
A1930,Creation of,https://www.ruthenia.ru/folklore/thompson/a.htm
A1940,Creation of,https://www.ruthenia.ru/folklore/thompson/a.htm
A1950,Creation of,https://www.ruthenia.ru/folklore/thompson/a.htm
A1960,Creation of,https://www.ruthenia.ru/folklore/thompson/a.htm
A1970,Creation of,https://www.ruthenia.ru/folklore/thompson/a.htm
A2000,Creation of insects.,https://www.ruthenia.ru/folklore/thompson/a.htm
A2010,Creation of,https://www.ruthenia.ru/folklore/thompson/a.htm
A2020,Creation of,https://www.ruthenia.ru/folklore/thompson/a.htm
A2030,Creation of,https://www.ruthenia.ru/folklore/thompson/a.htm
A2040,Creation of,https://www.ruthenia.ru/folklore/thompson/a.htm
A2050,Creation of,https://www.ruthenia.ru/folklore/thompson/a.htm
A2060,Creation of,https://www.ruthenia.ru/folklore/thompson/a.htm
A2070,Creation of,https://www.ruthenia.ru/folklore/thompson/a.htm
A2100,Creation of fish.,https://www.ruthenia.ru/folklore/thompson/a.htm
A2110,Creation of,https://www.ruthenia.ru/folklore/thompson/a.htm
A2131,Creation of eel,https://www.ruthenia.ru/folklore/thompson/a.htm
A2140,Creation of,https://www.ruthenia.ru/folklore/thompson/a.htm
A2160,Origin of,https://www.ruthenia.ru/folklore/thompson/a.htm
A2170,Origin of,https://www.ruthenia.ru/folklore/thompson/a.htm
A2200,Cause of animal,https://www.ruthenia.ru/folklore/thompson/a.htm
A2210,Animal characteristics:,https://www.ruthenia.ru/folklore/thompson/a.htm
A2220,Animal,https://www.ruthenia.ru/folklore/thompson/a.htm
A2230,Animal,https://www.ruthenia.ru/folklore/thompson/a.htm
A2240,Animal characteristics:,https://www.ruthenia.ru/folklore/thompson/a.htm
A2250,Animal,https://www.ruthenia.ru/folklore/thompson/a.htm
A2260,Animal,https://www.ruthenia.ru/folklore/thompson/a.htm
A2270,Animal,https://www.ruthenia.ru/folklore/thompson/a.htm
A2300,Origin of animal,https://www.ruthenia.ru/folklore/thompson/a.htm
A2310,Origin of animal,https://www.ruthenia.ru/folklore/thompson/a.htm
A2320,Origin of animal,https://www.ruthenia.ru/folklore/thompson/a.htm
A2330,Origin of animal,https://www.ruthenia.ru/folklore/thompson/a.htm
A2350,Origin of animal,https://www.ruthenia.ru/folklore/thompson/a.htm
A2370,Animal,https://www.ruthenia.ru/folklore/thompson/a.htm
A2380,Animal,https://www.ruthenia.ru/folklore/thompson/a.htm
A2400,Animal,https://www.ruthenia.ru/folklore/thompson/a.htm
A2410,Animal,https://www.ruthenia.ru/folklore/thompson/a.htm
A2411,Origin of color,https://www.ruthenia.ru/folklore/thompson/a.htm
A2420,Animal,https://www.ruthenia.ru/folklore/thompson/a.htm
A2430,Animal,https://www.ruthenia.ru/folklore/thompson/a.htm
A2440,Animal,https://www.ruthenia.ru/folklore/thompson/a.htm
A2450,Animal‘s daily work.,https://www.ruthenia.ru/folklore/thompson/a.htm
A2460,Animal,https://www.ruthenia.ru/folklore/thompson/a.htm
A2470,Animal’s habitual bodily movements.,https://www.ruthenia.ru/folklore/thompson/a.htm
A2480,Periodic habits,https://www.ruthenia.ru/folklore/thompson/a.htm
A2490,Other habits of,https://www.ruthenia.ru/folklore/thompson/a.htm
A2500,Animal,https://www.ruthenia.ru/folklore/thompson/a.htm
A2510,Utility of,https://www.ruthenia.ru/folklore/thompson/a.htm
A2520,Disposition of,https://www.ruthenia.ru/folklore/thompson/a.htm
A2540,Other animal,https://www.ruthenia.ru/folklore/thompson/a.htm
A2600,Origin of plants.,https://www.ruthenia.ru/folklore/thompson/a.htm
A2610,Creation of,https://www.ruthenia.ru/folklore/thompson/a.htm
A2620,Plants originate,https://www.ruthenia.ru/folklore/thompson/a.htm
A2630,Other types of,https://www.ruthenia.ru/folklore/thompson/a.htm
A2650,Origin of,https://www.ruthenia.ru/folklore/thompson/a.htm
A2680,Origin of other,https://www.ruthenia.ru/folklore/thompson/a.htm
A2700,Origin of plant,https://www.ruthenia.ru/folklore/thompson/a.htm
A2710,Plant,https://www.ruthenia.ru/folklore/thompson/a.htm
A2720,Plant,https://www.ruthenia.ru/folklore/thompson/a.htm
A2730,Miscellaneous,https://www.ruthenia.ru/folklore/thompson/a.htm
A2750,Interior and bark,https://www.ruthenia.ru/folklore/thompson/a.htm
A2760,Leaves of plant.,https://www.ruthenia.ru/folklore/thompson/a.htm
A2770,Other plant,https://www.ruthenia.ru/folklore/thompson/a.htm
A2811,Origin of silk,https://www.ruthenia.ru/folklore/thompson/a.htm
B0,Mythical animals.,https://www.ruthenia.ru/folklore/thompson/b.htm
B10,Mythical beasts and,https://www.ruthenia.ru/folklore/thompson/b.htm
B20,Beast-men.,https://www.ruthenia.ru/folklore/thompson/b.htm
B30,Mythical birds.,https://www.ruthenia.ru/folklore/thompson/b.htm
B40,Bird-beasts.,https://www.ruthenia.ru/folklore/thompson/b.htm
B50,Bird-men.,https://www.ruthenia.ru/folklore/thompson/b.htm
B60,Mythical fish.,https://www.ruthenia.ru/folklore/thompson/b.htm
B70,Fish-beasts.,https://www.ruthenia.ru/folklore/thompson/b.htm
B80,Fish-men.,https://www.ruthenia.ru/folklore/thompson/b.htm
B90,Other mythical,https://www.ruthenia.ru/folklore/thompson/b.htm
B100,Treasure animals.,https://www.ruthenia.ru/folklore/thompson/b.htm
B110,Treasure-producing,https://www.ruthenia.ru/folklore/thompson/b.htm
B120,Wise animals.,https://www.ruthenia.ru/folklore/thompson/b.htm
B130,Truth-telling,https://www.ruthenia.ru/folklore/thompson/b.htm
B140,Prophetic animals.,https://www.ruthenia.ru/folklore/thompson/b.htm
B150,Oracular animals.,https://www.ruthenia.ru/folklore/thompson/b.htm
B160,Wisdom-giving,https://www.ruthenia.ru/folklore/thompson/b.htm
B170,"Magic birds, fish,",https://www.ruthenia.ru/folklore/thompson/b.htm
B180,Magic quadrupeds.,https://www.ruthenia.ru/folklore/thompson/b.htm
B190,Magic animals:,https://www.ruthenia.ru/folklore/thompson/b.htm
B200,Animals with human,https://www.ruthenia.ru/folklore/thompson/b.htm
B210,Speaking animals.,https://www.ruthenia.ru/folklore/thompson/b.htm
B220,Animal kingdom (or,https://www.ruthenia.ru/folklore/thompson/b.htm
B230,Parliament of,https://www.ruthenia.ru/folklore/thompson/b.htm
B240,King of animals.,https://www.ruthenia.ru/folklore/thompson/b.htm
B250,Religious animals.,https://www.ruthenia.ru/folklore/thompson/b.htm
B260,Animal warfare.,https://www.ruthenia.ru/folklore/thompson/b.htm
B270,Animals in legal,https://www.ruthenia.ru/folklore/thompson/b.htm
B280,Animal weddings.,https://www.ruthenia.ru/folklore/thompson/b.htm
B290,Other animals with,https://www.ruthenia.ru/folklore/thompson/b.htm
B300,Helpful animal.,https://www.ruthenia.ru/folklore/thompson/b.htm
B310,Acquisition of,https://www.ruthenia.ru/folklore/thompson/b.htm
B320,Reward of helpful,https://www.ruthenia.ru/folklore/thompson/b.htm
B330,Death of helpful,https://www.ruthenia.ru/folklore/thompson/b.htm
B340,Treatment of,https://www.ruthenia.ru/folklore/thompson/b.htm
B350,Grateful animals.,https://www.ruthenia.ru/folklore/thompson/b.htm
B360,Animals grateful,https://www.ruthenia.ru/folklore/thompson/b.htm
B370,Animal grateful to,https://www.ruthenia.ru/folklore/thompson/b.htm
B380,Animal grateful,https://www.ruthenia.ru/folklore/thompson/b.htm
B390,Animals grateful,https://www.ruthenia.ru/folklore/thompson/b.htm
B400,Helpful domestic,https://www.ruthenia.ru/folklore/thompson/b.htm
B430,Helpful wild,https://www.ruthenia.ru/folklore/thompson/b.htm
B450,Helpful birds.,https://www.ruthenia.ru/folklore/thompson/b.htm
B470,Helpful fish.,https://www.ruthenia.ru/folklore/thompson/b.htm
B480,Helpful insects.,https://www.ruthenia.ru/folklore/thompson/b.htm
B490,Other helpful,https://www.ruthenia.ru/folklore/thompson/b.htm
B500,Magic power from,https://www.ruthenia.ru/folklore/thompson/b.htm
B510,Healing by,https://www.ruthenia.ru/folklore/thompson/b.htm
B520,Animals save,https://www.ruthenia.ru/folklore/thompson/b.htm
B530,Animals nourish,https://www.ruthenia.ru/folklore/thompson/b.htm
B550,Animals carry men.,https://www.ruthenia.ru/folklore/thompson/b.htm
B560,Animals advise,https://www.ruthenia.ru/folklore/thompson/b.htm
B570,Animals serve men.,https://www.ruthenia.ru/folklore/thompson/b.htm
B580,Animal helps men,https://www.ruthenia.ru/folklore/thompson/b.htm
B590,Miscellaneous,https://www.ruthenia.ru/folklore/thompson/b.htm
B600,Marriage of person,https://www.ruthenia.ru/folklore/thompson/b.htm
B610,Animal paramour.,https://www.ruthenia.ru/folklore/thompson/b.htm
B620,Animal suitor.,https://www.ruthenia.ru/folklore/thompson/b.htm
B630,Offspring of,https://www.ruthenia.ru/folklore/thompson/b.htm
B640,Marriage to person,https://www.ruthenia.ru/folklore/thompson/b.htm
B650,Marriage to animal,https://www.ruthenia.ru/folklore/thompson/b.htm
B670,Unusual mating,https://www.ruthenia.ru/folklore/thompson/b.htm
B690,Marriage of person,https://www.ruthenia.ru/folklore/thompson/b.htm
B700,Fanciful traits of,https://www.ruthenia.ru/folklore/thompson/b.htm
B710,Fanciful origin of,https://www.ruthenia.ru/folklore/thompson/b.htm
B720,Fanciful bodily,https://www.ruthenia.ru/folklore/thompson/b.htm
B730,"Fanciful color,",https://www.ruthenia.ru/folklore/thompson/b.htm
B740,Fanciful marvelous,https://www.ruthenia.ru/folklore/thompson/b.htm
B750,Fanciful habits of,https://www.ruthenia.ru/folklore/thompson/b.htm
B770,Other fanciful,https://www.ruthenia.ru/folklore/thompson/b.htm
B800,Miscellaneous,https://www.ruthenia.ru/folklore/thompson/b.htm
B870,Giant animals.,https://www.ruthenia.ru/folklore/thompson/b.htm
C0,Tabu: contact with,https://www.ruthenia.ru/folklore/thompson/c.htm
C10,Tabu: profanely,https://www.ruthenia.ru/folklore/thompson/c.htm
C20,Tabu: calling on,https://www.ruthenia.ru/folklore/thompson/c.htm
C30,Tabu: offending,https://www.ruthenia.ru/folklore/thompson/c.htm
C40,Tabu: offending,https://www.ruthenia.ru/folklore/thompson/c.htm
C50,Tabu: offending the,https://www.ruthenia.ru/folklore/thompson/c.htm
C70,Tabu: offending,https://www.ruthenia.ru/folklore/thompson/c.htm
C90,Other tabus in,https://www.ruthenia.ru/folklore/thompson/c.htm
C100,Sex tabu,https://www.ruthenia.ru/folklore/thompson/c.htm
C110,Tabu: sexual,https://www.ruthenia.ru/folklore/thompson/c.htm
C120,Tabu: kissing,https://www.ruthenia.ru/folklore/thompson/c.htm
C130,Tabu connected,https://www.ruthenia.ru/folklore/thompson/c.htm
C140,Tabu connected,https://www.ruthenia.ru/folklore/thompson/c.htm
C150,Tabu connected,https://www.ruthenia.ru/folklore/thompson/c.htm
C160,Tabu connected,https://www.ruthenia.ru/folklore/thompson/c.htm
C170,Tabu connected,https://www.ruthenia.ru/folklore/thompson/c.htm
C180,Tabu confined to,https://www.ruthenia.ru/folklore/thompson/c.htm
C190,Sex,https://www.ruthenia.ru/folklore/thompson/c.htm
C200,Tabu: eating,https://www.ruthenia.ru/folklore/thompson/c.htm
C210,Tabu: eating in,https://www.ruthenia.ru/folklore/thompson/c.htm
C220,Tabu: eating,https://www.ruthenia.ru/folklore/thompson/c.htm
C230,Tabu: eating at,https://www.ruthenia.ru/folklore/thompson/c.htm
C240,Tabu: eating food,https://www.ruthenia.ru/folklore/thompson/c.htm
C250,Tabu: drinking,https://www.ruthenia.ru/folklore/thompson/c.htm
C260,Tabu: drinking at,https://www.ruthenia.ru/folklore/thompson/c.htm
C270,Tabu: drinking,https://www.ruthenia.ru/folklore/thompson/c.htm
C280,Miscellaneous,https://www.ruthenia.ru/folklore/thompson/c.htm
C300,Looking tabu,https://www.ruthenia.ru/folklore/thompson/c.htm
C310,Tabu: looking at,https://www.ruthenia.ru/folklore/thompson/c.htm
C320,Tabu: looking into,https://www.ruthenia.ru/folklore/thompson/c.htm
C330,Tabu: looking in,https://www.ruthenia.ru/folklore/thompson/c.htm
C400,Speaking tabu,https://www.ruthenia.ru/folklore/thompson/c.htm
C410,Tabu: asking,https://www.ruthenia.ru/folklore/thompson/c.htm
C420,Tabu: uttering,https://www.ruthenia.ru/folklore/thompson/c.htm
C430,Name tabu,https://www.ruthenia.ru/folklore/thompson/c.htm
C440,Origin tabu,https://www.ruthenia.ru/folklore/thompson/c.htm
C450,Tabu: boasting,https://www.ruthenia.ru/folklore/thompson/c.htm
C460,Laughing tabu,https://www.ruthenia.ru/folklore/thompson/c.htm
C480,Tabu: other vocal,https://www.ruthenia.ru/folklore/thompson/c.htm
C490,Other speaking,https://www.ruthenia.ru/folklore/thompson/c.htm
C500,Tabu: touching,https://www.ruthenia.ru/folklore/thompson/c.htm
C510,Tabu: touching,https://www.ruthenia.ru/folklore/thompson/c.htm
C520,Tabu: touching,https://www.ruthenia.ru/folklore/thompson/c.htm
C530,Tabu: touching,https://www.ruthenia.ru/folklore/thompson/c.htm
C550,Class tabu,https://www.ruthenia.ru/folklore/thompson/c.htm
C560,Tabu: things not,https://www.ruthenia.ru/folklore/thompson/c.htm
C600,Unique prohibition,https://www.ruthenia.ru/folklore/thompson/c.htm
C610,The one forbidden,https://www.ruthenia.ru/folklore/thompson/c.htm
C620,Tabu: partaking of,https://www.ruthenia.ru/folklore/thompson/c.htm
C630,Tabu: the one,https://www.ruthenia.ru/folklore/thompson/c.htm
C640,Unique prohibition--miscellaneous,https://www.ruthenia.ru/folklore/thompson/c.htm
C650,The one compulsory,https://www.ruthenia.ru/folklore/thompson/c.htm
C680,Other compulsions,https://www.ruthenia.ru/folklore/thompson/c.htm
C700,Miscellaneous,https://www.ruthenia.ru/folklore/thompson/c.htm
C710,Tabus connected,https://www.ruthenia.ru/folklore/thompson/c.htm
C720,Tabu: attending toilet,https://www.ruthenia.ru/folklore/thompson/c.htm
C730,Tabu: resting,https://www.ruthenia.ru/folklore/thompson/c.htm
C740,Tabu: doing deed,https://www.ruthenia.ru/folklore/thompson/c.htm
C750,Time tabus,https://www.ruthenia.ru/folklore/thompson/c.htm
C770,Tabu: overweening,https://www.ruthenia.ru/folklore/thompson/c.htm
C780,"Tabu: buying,",https://www.ruthenia.ru/folklore/thompson/c.htm
C810,Tabu: heeding,https://www.ruthenia.ru/folklore/thompson/c.htm
C820,Tabu: finding,https://www.ruthenia.ru/folklore/thompson/c.htm
C830,Unclassified tabus,https://www.ruthenia.ru/folklore/thompson/c.htm
C900,Punishment for,https://www.ruthenia.ru/folklore/thompson/c.htm
C910,Permanent sign of,https://www.ruthenia.ru/folklore/thompson/c.htm
C920,Death for breaking,https://www.ruthenia.ru/folklore/thompson/c.htm
C930,Loss of fortune,https://www.ruthenia.ru/folklore/thompson/c.htm
C940,Sickness or,https://www.ruthenia.ru/folklore/thompson/c.htm
C950,Person carried to,https://www.ruthenia.ru/folklore/thompson/c.htm
C960,Transformation for,https://www.ruthenia.ru/folklore/thompson/c.htm
C980,Miscellaneous,https://www.ruthenia.ru/folklore/thompson/c.htm
C0,Tabu: contact with,https://www.ruthenia.ru/folklore/thompson/c.htm
C10,Tabu: profanely,https://www.ruthenia.ru/folklore/thompson/c.htm
C20,Tabu: calling on,https://www.ruthenia.ru/folklore/thompson/c.htm
C30,Tabu: offending,https://www.ruthenia.ru/folklore/thompson/c.htm
C40,Tabu: offending,https://www.ruthenia.ru/folklore/thompson/c.htm
C50,Tabu: offending the,https://www.ruthenia.ru/folklore/thompson/c.htm
C51.4.3,Tabu: spying on,https://www.ruthenia.ru/folklore/thompson/c.htm
C70,Tabu: offending,https://www.ruthenia.ru/folklore/thompson/c.htm
C90,Other tabus in,https://www.ruthenia.ru/folklore/thompson/c.htm
C100,Sex tabu.,https://www.ruthenia.ru/folklore/thompson/c.htm
C120,Tabu: kissing.,https://www.ruthenia.ru/folklore/thompson/c.htm
C130,Tabu connected,https://www.ruthenia.ru/folklore/thompson/c.htm
C140,Tabu connected,https://www.ruthenia.ru/folklore/thompson/c.htm
C150,Tabu connected,https://www.ruthenia.ru/folklore/thompson/c.htm
C160,Tabu connected,https://www.ruthenia.ru/folklore/thompson/c.htm
C170,Tabu connected,https://www.ruthenia.ru/folklore/thompson/c.htm
C180,Tabu confined to,https://www.ruthenia.ru/folklore/thompson/c.htm
C190,Sex,https://www.ruthenia.ru/folklore/thompson/c.htm
C200,Tabu: eating,https://www.ruthenia.ru/folklore/thompson/c.htm
C210,Tabu: eating in,https://www.ruthenia.ru/folklore/thompson/c.htm
C220,Tabu: eating,https://www.ruthenia.ru/folklore/thompson/c.htm
C230,Tabu: eating at,https://www.ruthenia.ru/folklore/thompson/c.htm
C240,Tabu: eating food,https://www.ruthenia.ru/folklore/thompson/c.htm
C250,Tabu: drinking.,https://www.ruthenia.ru/folklore/thompson/c.htm
C260,Tabu: drinking at,https://www.ruthenia.ru/folklore/thompson/c.htm
C270,Tabu: drinking,https://www.ruthenia.ru/folklore/thompson/c.htm
C300,Looking tabu.,https://www.ruthenia.ru/folklore/thompson/c.htm
C310,Tabu: looking at,https://www.ruthenia.ru/folklore/thompson/c.htm
C320,Tabu: looking into,https://www.ruthenia.ru/folklore/thompson/c.htm
C330,Tabu: looking in,https://www.ruthenia.ru/folklore/thompson/c.htm
C400,Speaking tabu.,https://www.ruthenia.ru/folklore/thompson/c.htm
C410,Tabu: asking,https://www.ruthenia.ru/folklore/thompson/c.htm
C420,Tabu: uttering,https://www.ruthenia.ru/folklore/thompson/c.htm
C430,Name tabu:,https://www.ruthenia.ru/folklore/thompson/c.htm
C440,Origin tabu.,https://www.ruthenia.ru/folklore/thompson/c.htm
C450,Tabu: boasting.,https://www.ruthenia.ru/folklore/thompson/c.htm
C460,Laughing tabu.,https://www.ruthenia.ru/folklore/thompson/c.htm
C480,Tabu: other vocal,https://www.ruthenia.ru/folklore/thompson/c.htm
C490,Other speaking,https://www.ruthenia.ru/folklore/thompson/c.htm
C500,Tabu: touching.,https://www.ruthenia.ru/folklore/thompson/c.htm
C510,Tabu: touching tree (plant).,https://www.ruthenia.ru/folklore/thompson/c.htm
C520,Tabu: touching ground.,https://www.ruthenia.ru/folklore/thompson/c.htm
C530,Tabu: touching (miscellaneous).,https://www.ruthenia.ru/folklore/thompson/c.htm
C550,Class tabu.,https://www.ruthenia.ru/folklore/thompson/c.htm
C560,Tabu: things not to be done by certain class.,https://www.ruthenia.ru/folklore/thompson/c.htm
C600,Unique,https://www.ruthenia.ru/folklore/thompson/c.htm
C610,The one forbidden,https://www.ruthenia.ru/folklore/thompson/c.htm
C620,Tabu: partaking of,https://www.ruthenia.ru/folklore/thompson/c.htm
C630,Tabu: the one,https://www.ruthenia.ru/folklore/thompson/c.htm
C640,Unique,https://www.ruthenia.ru/folklore/thompson/c.htm
C650,The one compulsory,https://www.ruthenia.ru/folklore/thompson/c.htm
C680,Other compulsions.,https://www.ruthenia.ru/folklore/thompson/c.htm
C700,Miscellaneous,https://www.ruthenia.ru/folklore/thompson/c.htm
C710,Tabus connected,https://www.ruthenia.ru/folklore/thompson/c.htm
C720,Tabu: attending,https://www.ruthenia.ru/folklore/thompson/c.htm
C730,Tabu: resting.,https://www.ruthenia.ru/folklore/thompson/c.htm
C740,Tabu: doing deed,https://www.ruthenia.ru/folklore/thompson/c.htm
C750,Time tabus.,https://www.ruthenia.ru/folklore/thompson/c.htm
C770,Tabu: overweening,https://www.ruthenia.ru/folklore/thompson/c.htm
C780,"Tabu: buying,",https://www.ruthenia.ru/folklore/thompson/c.htm
C810,Tabu: heeding,https://www.ruthenia.ru/folklore/thompson/c.htm
C820,Tabu: finding,https://www.ruthenia.ru/folklore/thompson/c.htm
C830.1,Unclassified,https://www.ruthenia.ru/folklore/thompson/c.htm
C900,Punishment for,https://www.ruthenia.ru/folklore/thompson/c.htm
C910,Permanent sign of,https://www.ruthenia.ru/folklore/thompson/c.htm
C920,Death for breaking,https://www.ruthenia.ru/folklore/thompson/c.htm
C930,Loss of fortune,https://www.ruthenia.ru/folklore/thompson/c.htm
C940,Sickness or,https://www.ruthenia.ru/folklore/thompson/c.htm
C950,Person carried to,https://www.ruthenia.ru/folklore/thompson/c.htm
C960,Transformation for,https://www.ruthenia.ru/folklore/thompson/c.htm
C980,Miscellaneous,https://www.ruthenia.ru/folklore/thompson/c.htm
E501.17.5.3,The latter number refers to the third tertiary division of the,https://www.ruthenia.ru/folklore/thompson/c.htm
E613,that refer only to the general idea of bird (not of particular birds).,https://www.ruthenia.ru/folklore/thompson/c.htm
E613.1,Reincarnation as duck. -- etc.,https://www.ruthenia.ru/folklore/thompson/c.htm
A2091,Vol. 1 Fn. 1 p. 262,https://www.ruthenia.ru/folklore/thompson/c.htm
A2135,Vol. 1 Fn. 1 p. 263,https://www.ruthenia.ru/folklore/thompson/c.htm
B489.1,Vol. 1 Fn. 1 p. 440,https://www.ruthenia.ru/folklore/thompson/c.htm
B490,Vol. 1 Fn. 2 p. 440,https://www.ruthenia.ru/folklore/thompson/c.htm
C830,Vol. 1 Fn. 1 p. 539,https://www.ruthenia.ru/folklore/thompson/c.htm
C899,has been revised. The following changes have been made:,https://www.ruthenia.ru/folklore/thompson/c.htm
C831,C563,https://www.ruthenia.ru/folklore/thompson/c.htm
C833,1,https://www.ruthenia.ru/folklore/thompson/c.htm
C834,C833.2,https://www.ruthenia.ru/folklore/thompson/c.htm
C835,1,https://www.ruthenia.ru/folklore/thompson/c.htm
C845,C833.3,https://www.ruthenia.ru/folklore/thompson/c.htm
C853,1,https://www.ruthenia.ru/folklore/thompson/c.htm
C855,C835.2,https://www.ruthenia.ru/folklore/thompson/c.htm
C856,C845,https://www.ruthenia.ru/folklore/thompson/c.htm
C861,C833.4,https://www.ruthenia.ru/folklore/thompson/c.htm
C862,C833.5,https://www.ruthenia.ru/folklore/thompson/c.htm
C866,C835.3,https://www.ruthenia.ru/folklore/thompson/c.htm
C867,1,https://www.ruthenia.ru/folklore/thompson/c.htm
C867.0.1,C867.1.1,https://www.ruthenia.ru/folklore/thompson/c.htm
C877,C867.2,https://www.ruthenia.ru/folklore/thompson/c.htm
C888,C833.6,https://www.ruthenia.ru/folklore/thompson/c.htm
C893,C833.7,https://www.ruthenia.ru/folklore/thompson/c.htm
D10,Transformation to,https://www.ruthenia.ru/folklore/thompson/d.htm
D20,Transformation to,https://www.ruthenia.ru/folklore/thompson/d.htm
D30,Transformation to,https://www.ruthenia.ru/folklore/thompson/d.htm
D40,Transformation to,https://www.ruthenia.ru/folklore/thompson/d.htm
D50,Magic changes in,https://www.ruthenia.ru/folklore/thompson/d.htm
D90,Transformation: man,https://www.ruthenia.ru/folklore/thompson/d.htm
D110,Transformation:,https://www.ruthenia.ru/folklore/thompson/d.htm
D130,Transformation:,https://www.ruthenia.ru/folklore/thompson/d.htm
D150,Transformation:,https://www.ruthenia.ru/folklore/thompson/d.htm
D170,Transformation: man,https://www.ruthenia.ru/folklore/thompson/d.htm
D180,Transformation:,https://www.ruthenia.ru/folklore/thompson/d.htm
D190,Transformation:,https://www.ruthenia.ru/folklore/thompson/d.htm
D210,Transformation:,https://www.ruthenia.ru/folklore/thompson/d.htm
D230,Transformation:,https://www.ruthenia.ru/folklore/thompson/d.htm
D250,Transformation:,https://www.ruthenia.ru/folklore/thompson/d.htm
D270,Transformation:,https://www.ruthenia.ru/folklore/thompson/d.htm
D310,Transformation:,https://www.ruthenia.ru/folklore/thompson/d.htm
D330,Transformation:,https://www.ruthenia.ru/folklore/thompson/d.htm
D350,Transformation:,https://www.ruthenia.ru/folklore/thompson/d.htm
D370,Transformation:,https://www.ruthenia.ru/folklore/thompson/d.htm
D380,Transformation:,https://www.ruthenia.ru/folklore/thompson/d.htm
D390,Transformation:,https://www.ruthenia.ru/folklore/thompson/d.htm
D410,Transformation:,https://www.ruthenia.ru/folklore/thompson/d.htm
D420,Transformation:,https://www.ruthenia.ru/folklore/thompson/d.htm
D430,Transformation:,https://www.ruthenia.ru/folklore/thompson/d.htm
D440,Transformation:,https://www.ruthenia.ru/folklore/thompson/d.htm
D450,Transformation:,https://www.ruthenia.ru/folklore/thompson/d.htm
D470,Transformation:,https://www.ruthenia.ru/folklore/thompson/d.htm
D480,Size of object,https://www.ruthenia.ru/folklore/thompson/d.htm
D510,Transformation by,https://www.ruthenia.ru/folklore/thompson/d.htm
D520,Transformation,https://www.ruthenia.ru/folklore/thompson/d.htm
D530,Transformation by,https://www.ruthenia.ru/folklore/thompson/d.htm
D550,Transformation by,https://www.ruthenia.ru/folklore/thompson/d.htm
D560,Transformation by,https://www.ruthenia.ru/folklore/thompson/d.htm
D610,Repeated,https://www.ruthenia.ru/folklore/thompson/d.htm
D620,Periodic transformation,https://www.ruthenia.ru/folklore/thompson/d.htm
D630,Transformation and,https://www.ruthenia.ru/folklore/thompson/d.htm
D640,Reasons for,https://www.ruthenia.ru/folklore/thompson/d.htm
D660,Motive for,https://www.ruthenia.ru/folklore/thompson/d.htm
D670,Magic flight.,https://www.ruthenia.ru/folklore/thompson/d.htm
D680,Miscellaneous,https://www.ruthenia.ru/folklore/thompson/d.htm
D710,Disenchantment by,https://www.ruthenia.ru/folklore/thompson/d.htm
D720,Disenchantment by,https://www.ruthenia.ru/folklore/thompson/d.htm
D730,Disenchantment by,https://www.ruthenia.ru/folklore/thompson/d.htm
D750,Disenchantment by,https://www.ruthenia.ru/folklore/thompson/d.htm
D760,Disenchantment by,https://www.ruthenia.ru/folklore/thompson/d.htm
D790,Attendant,https://www.ruthenia.ru/folklore/thompson/d.htm
D800,Magic object,https://www.ruthenia.ru/folklore/thompson/d.htm
D810,Magic object a,https://www.ruthenia.ru/folklore/thompson/d.htm
D830,Magic object,https://www.ruthenia.ru/folklore/thompson/d.htm
D840,Magic object found,https://www.ruthenia.ru/folklore/thompson/d.htm
D850,Magic object,https://www.ruthenia.ru/folklore/thompson/d.htm
D860,Loss of magic,https://www.ruthenia.ru/folklore/thompson/d.htm
D880,Recovery of magic,https://www.ruthenia.ru/folklore/thompson/d.htm
D900,Magic weather,https://www.ruthenia.ru/folklore/thompson/d.htm
D910,Magic body of,https://www.ruthenia.ru/folklore/thompson/d.htm
D930,Magic land,https://www.ruthenia.ru/folklore/thompson/d.htm
D940,Magic forests,https://www.ruthenia.ru/folklore/thompson/d.htm
D950,Magic tree,https://www.ruthenia.ru/folklore/thompson/d.htm
D960,Magic gardens and,https://www.ruthenia.ru/folklore/thompson/d.htm
D980,Magic fruits and,https://www.ruthenia.ru/folklore/thompson/d.htm
D990,Magic bodily,https://www.ruthenia.ru/folklore/thompson/d.htm
D1010,Magic bodily,https://www.ruthenia.ru/folklore/thompson/d.htm
D1030,Magic food,https://www.ruthenia.ru/folklore/thompson/d.htm
D1040,Magic drink,https://www.ruthenia.ru/folklore/thompson/d.htm
D1050,Magic clothes,https://www.ruthenia.ru/folklore/thompson/d.htm
D1070,Magic ornaments,https://www.ruthenia.ru/folklore/thompson/d.htm
D1080,Magic weapons,https://www.ruthenia.ru/folklore/thompson/d.htm
D1110,Magic conveyances,https://www.ruthenia.ru/folklore/thompson/d.htm
D1130,Magic buildings,https://www.ruthenia.ru/folklore/thompson/d.htm
D1150,Magic furniture,https://www.ruthenia.ru/folklore/thompson/d.htm
D1170,Magic utensils,https://www.ruthenia.ru/folklore/thompson/d.htm
D1210,Magic musical,https://www.ruthenia.ru/folklore/thompson/d.htm
D1240,Magic waters and,https://www.ruthenia.ru/folklore/thompson/d.htm
D1250,Miscellaneous,https://www.ruthenia.ru/folklore/thompson/d.htm
D1300,Magic object,https://www.ruthenia.ru/folklore/thompson/d.htm
D1310,Magic object,https://www.ruthenia.ru/folklore/thompson/d.htm
D1330,Magic objects,https://www.ruthenia.ru/folklore/thompson/d.htm
D1350,Magic object,https://www.ruthenia.ru/folklore/thompson/d.htm
D1360,Magic object,https://www.ruthenia.ru/folklore/thompson/d.htm
D1380,Magic object,https://www.ruthenia.ru/folklore/thompson/d.htm
D1400,Magic object,https://www.ruthenia.ru/folklore/thompson/d.htm
D1410,Magic object,https://www.ruthenia.ru/folklore/thompson/d.htm
D1420,Magic object,https://www.ruthenia.ru/folklore/thompson/d.htm
D1430,Magic object pursues,https://www.ruthenia.ru/folklore/thompson/d.htm
D1440,Magic object,https://www.ruthenia.ru/folklore/thompson/d.htm
D1450,Magic object,https://www.ruthenia.ru/folklore/thompson/d.htm
D1470,Magic object as,https://www.ruthenia.ru/folklore/thompson/d.htm
D1500,Magic object,https://www.ruthenia.ru/folklore/thompson/d.htm
D1520,Magic object,https://www.ruthenia.ru/folklore/thompson/d.htm
D1540,Magic object,https://www.ruthenia.ru/folklore/thompson/d.htm
D1550,Magic object,https://www.ruthenia.ru/folklore/thompson/d.htm
D1560,Magic object,https://www.ruthenia.ru/folklore/thompson/d.htm
D1600,Automatic object,https://www.ruthenia.ru/folklore/thompson/d.htm
D1610,Magic speaking,https://www.ruthenia.ru/folklore/thompson/d.htm
D1620,Magic automata,https://www.ruthenia.ru/folklore/thompson/d.htm
D1640,Other automatic,https://www.ruthenia.ru/folklore/thompson/d.htm
D1650,Other,https://www.ruthenia.ru/folklore/thompson/d.htm
D1710,Possession of,https://www.ruthenia.ru/folklore/thompson/d.htm
D1720,Acquisition of,https://www.ruthenia.ru/folklore/thompson/d.htm
D1740,Loss of magic,https://www.ruthenia.ru/folklore/thompson/d.htm
D1750,Other,https://www.ruthenia.ru/folklore/thompson/d.htm
D1760,Means of,https://www.ruthenia.ru/folklore/thompson/d.htm
D1810,Magic knowledge,https://www.ruthenia.ru/folklore/thompson/d.htm
D1820,Magic sight and,https://www.ruthenia.ru/folklore/thompson/d.htm
D1830,Magic strength,https://www.ruthenia.ru/folklore/thompson/d.htm
D1840,Magic,https://www.ruthenia.ru/folklore/thompson/d.htm
D1850,Immortality,https://www.ruthenia.ru/folklore/thompson/d.htm
D1860,Magic,https://www.ruthenia.ru/folklore/thompson/d.htm
D1870,Magic hideousness,https://www.ruthenia.ru/folklore/thompson/d.htm
D1880,Magic,https://www.ruthenia.ru/folklore/thompson/d.htm
D1890,Magic aging,https://www.ruthenia.ru/folklore/thompson/d.htm
D1900,Love induced by,https://www.ruthenia.ru/folklore/thompson/d.htm
D1910,Magic memory,https://www.ruthenia.ru/folklore/thompson/d.htm
D1920,Other permanent,https://www.ruthenia.ru/folklore/thompson/d.htm
D1960,Magic sleep,https://www.ruthenia.ru/folklore/thompson/d.htm
D1980,Magic,https://www.ruthenia.ru/folklore/thompson/d.htm
D2000,Magic,https://www.ruthenia.ru/folklore/thompson/d.htm
D2020,Magic dumbness,https://www.ruthenia.ru/folklore/thompson/d.htm
D2030,Other temporary,https://www.ruthenia.ru/folklore/thompson/d.htm
D2060,Death or bodily,https://www.ruthenia.ru/folklore/thompson/d.htm
D2070,Bewitching,https://www.ruthenia.ru/folklore/thompson/d.htm
D2080,Magic used,https://www.ruthenia.ru/folklore/thompson/d.htm
D2090,Other destructive,https://www.ruthenia.ru/folklore/thompson/d.htm
D2100,Magic wealth,https://www.ruthenia.ru/folklore/thompson/d.htm
D2120,Magic,https://www.ruthenia.ru/folklore/thompson/d.htm
D2140,Magic control of,https://www.ruthenia.ru/folklore/thompson/d.htm
D0,Transformation,https://www.ruthenia.ru/folklore/thompson/d.htm
D10,Transformation to,https://www.ruthenia.ru/folklore/thompson/d.htm
D20,Transformation to,https://www.ruthenia.ru/folklore/thompson/d.htm
D30,Transformation to,https://www.ruthenia.ru/folklore/thompson/d.htm
D40,Transformation to,https://www.ruthenia.ru/folklore/thompson/d.htm
D50,Magic changes in,https://www.ruthenia.ru/folklore/thompson/d.htm
D90,Transformation: man,https://www.ruthenia.ru/folklore/thompson/d.htm
D100,Transformation:,https://www.ruthenia.ru/folklore/thompson/d.htm
D110,Transformation:,https://www.ruthenia.ru/folklore/thompson/d.htm
D130,Transformation:,https://www.ruthenia.ru/folklore/thompson/d.htm
D150,Transformation:,https://www.ruthenia.ru/folklore/thompson/d.htm
D170,Transformation:,https://www.ruthenia.ru/folklore/thompson/d.htm
D180,Transformation:,https://www.ruthenia.ru/folklore/thompson/d.htm
D190,Transformation:,https://www.ruthenia.ru/folklore/thompson/d.htm
D200,Transformation:,https://www.ruthenia.ru/folklore/thompson/d.htm
D210,Transformation:,https://www.ruthenia.ru/folklore/thompson/d.htm
D230,Transformation:,https://www.ruthenia.ru/folklore/thompson/d.htm
D250,Transformation:,https://www.ruthenia.ru/folklore/thompson/d.htm
D270,Transformation:,https://www.ruthenia.ru/folklore/thompson/d.htm
D300,Transformation:,https://www.ruthenia.ru/folklore/thompson/d.htm
D310,Transformation:,https://www.ruthenia.ru/folklore/thompson/d.htm
D330,Transformation:,https://www.ruthenia.ru/folklore/thompson/d.htm
D350,Transformation:,https://www.ruthenia.ru/folklore/thompson/d.htm
D370,Transformation:,https://www.ruthenia.ru/folklore/thompson/d.htm
D380,Transformation:,https://www.ruthenia.ru/folklore/thompson/d.htm
D390,Transformation:,https://www.ruthenia.ru/folklore/thompson/d.htm
D400,Other forms of,https://www.ruthenia.ru/folklore/thompson/d.htm
D410,Transformation:,https://www.ruthenia.ru/folklore/thompson/d.htm
D420,Transformation:,https://www.ruthenia.ru/folklore/thompson/d.htm
D430,Transformation: object,https://www.ruthenia.ru/folklore/thompson/d.htm
D440,Transformation:,https://www.ruthenia.ru/folklore/thompson/d.htm
D450,Transformation:,https://www.ruthenia.ru/folklore/thompson/d.htm
D470,Transformation:,https://www.ruthenia.ru/folklore/thompson/d.htm
D480,Size of object,https://www.ruthenia.ru/folklore/thompson/d.htm
D490,Miscellaneous,https://www.ruthenia.ru/folklore/thompson/d.htm
D500,Means of,https://www.ruthenia.ru/folklore/thompson/d.htm
D510,Transformation by,https://www.ruthenia.ru/folklore/thompson/d.htm
D520,Transformation,https://www.ruthenia.ru/folklore/thompson/d.htm
D530,Transformation by,https://www.ruthenia.ru/folklore/thompson/d.htm
D550,Transformation by,https://www.ruthenia.ru/folklore/thompson/d.htm
D560,Transformation by,https://www.ruthenia.ru/folklore/thompson/d.htm
D600,Miscellaneous,https://www.ruthenia.ru/folklore/thompson/d.htm
D610,Repeated transformation.,https://www.ruthenia.ru/folklore/thompson/d.htm
D620,Periodic,https://www.ruthenia.ru/folklore/thompson/d.htm
D630,Transformation and,https://www.ruthenia.ru/folklore/thompson/d.htm
D640,Reasons for,https://www.ruthenia.ru/folklore/thompson/d.htm
D660,Motive for,https://www.ruthenia.ru/folklore/thompson/d.htm
D670,Magic flight.,https://www.ruthenia.ru/folklore/thompson/d.htm
D680,Miscellaneous,https://www.ruthenia.ru/folklore/thompson/d.htm
D700,Person,https://www.ruthenia.ru/folklore/thompson/d.htm
D710,Disenchantment by,https://www.ruthenia.ru/folklore/thompson/d.htm
D720,Disenchantment by,https://www.ruthenia.ru/folklore/thompson/d.htm
D730,Disenchantment by,https://www.ruthenia.ru/folklore/thompson/d.htm
D750,Disenchantment by,https://www.ruthenia.ru/folklore/thompson/d.htm
D760,Disenchantment by,https://www.ruthenia.ru/folklore/thompson/d.htm
D790,Attendant,https://www.ruthenia.ru/folklore/thompson/d.htm
D800,Magic object.,https://www.ruthenia.ru/folklore/thompson/d.htm
D810,Magic object a,https://www.ruthenia.ru/folklore/thompson/d.htm
D830,Magic object,https://www.ruthenia.ru/folklore/thompson/d.htm
D840,Magic object,https://www.ruthenia.ru/folklore/thompson/d.htm
D850,Magic object,https://www.ruthenia.ru/folklore/thompson/d.htm
D860,Loss of magic,https://www.ruthenia.ru/folklore/thompson/d.htm
D880,Recovery of magic,https://www.ruthenia.ru/folklore/thompson/d.htm
D900,Magic weather,https://www.ruthenia.ru/folklore/thompson/d.htm
D910,Magic body of,https://www.ruthenia.ru/folklore/thompson/d.htm
D930,Magic land,https://www.ruthenia.ru/folklore/thompson/d.htm
D940,Magic forests.,https://www.ruthenia.ru/folklore/thompson/d.htm
D950,Magic tree.,https://www.ruthenia.ru/folklore/thompson/d.htm
D960,Magic gardens and,https://www.ruthenia.ru/folklore/thompson/d.htm
D980,Magic fruits and,https://www.ruthenia.ru/folklore/thompson/d.htm
D990,Magic bodily,https://www.ruthenia.ru/folklore/thompson/d.htm
D1010,Magic bodily,https://www.ruthenia.ru/folklore/thompson/d.htm
D1030,Magic food.,https://www.ruthenia.ru/folklore/thompson/d.htm
D1040,Magic drink.,https://www.ruthenia.ru/folklore/thompson/d.htm
D1050,Magic clothes.,https://www.ruthenia.ru/folklore/thompson/d.htm
D1070,Magic ornaments.,https://www.ruthenia.ru/folklore/thompson/d.htm
D1080,Magic weapons.,https://www.ruthenia.ru/folklore/thompson/d.htm
D1110,Magic,https://www.ruthenia.ru/folklore/thompson/d.htm
D1150,Magic furniture.,https://www.ruthenia.ru/folklore/thompson/d.htm
D1170,Magic utensils,https://www.ruthenia.ru/folklore/thompson/d.htm
D1210,Magic musical,https://www.ruthenia.ru/folklore/thompson/d.htm
D1240,Magic waters and,https://www.ruthenia.ru/folklore/thompson/d.htm
D1250,Miscellaneous,https://www.ruthenia.ru/folklore/thompson/d.htm
D1300,Magic object,https://www.ruthenia.ru/folklore/thompson/d.htm
D1310,Magic object,https://www.ruthenia.ru/folklore/thompson/d.htm
D1330,Magic object,https://www.ruthenia.ru/folklore/thompson/d.htm
D1350,Magic object,https://www.ruthenia.ru/folklore/thompson/d.htm
D1360,Magic object,https://www.ruthenia.ru/folklore/thompson/d.htm
D1380,Magic object,https://www.ruthenia.ru/folklore/thompson/d.htm
D1390,Magic object,https://www.ruthenia.ru/folklore/thompson/d.htm
D1400,Magic object,https://www.ruthenia.ru/folklore/thompson/d.htm
D1410,Magic object,https://www.ruthenia.ru/folklore/thompson/d.htm
D1420,Magic object,https://www.ruthenia.ru/folklore/thompson/d.htm
D1430,Magic object,https://www.ruthenia.ru/folklore/thompson/d.htm
D1440,Magic object,https://www.ruthenia.ru/folklore/thompson/d.htm
D1450,Magic object,https://www.ruthenia.ru/folklore/thompson/d.htm
D1470,Magic object as,https://www.ruthenia.ru/folklore/thompson/d.htm
D1500,Magic object,https://www.ruthenia.ru/folklore/thompson/d.htm
D1520,Magic object,https://www.ruthenia.ru/folklore/thompson/d.htm
D1540,Magic object,https://www.ruthenia.ru/folklore/thompson/d.htm
D1550,Magic object,https://www.ruthenia.ru/folklore/thompson/d.htm
D1560,Magic object,https://www.ruthenia.ru/folklore/thompson/d.htm
D1600,Automatic object.,https://www.ruthenia.ru/folklore/thompson/d.htm
D1610,Magic speaking,https://www.ruthenia.ru/folklore/thompson/d.htm
D1620,Magic automata.,https://www.ruthenia.ru/folklore/thompson/d.htm
D1640,Other automatic,https://www.ruthenia.ru/folklore/thompson/d.htm
D1650,Other,https://www.ruthenia.ru/folklore/thompson/d.htm
D1700,Magic powers.,https://www.ruthenia.ru/folklore/thompson/d.htm
D1710,Possession of,https://www.ruthenia.ru/folklore/thompson/d.htm
D1720,Acquisition of,https://www.ruthenia.ru/folklore/thompson/d.htm
D1740,Loss of magic,https://www.ruthenia.ru/folklore/thompson/d.htm
D1750,Other,https://www.ruthenia.ru/folklore/thompson/d.htm
D1760,Means of,https://www.ruthenia.ru/folklore/thompson/d.htm
D1810,Magic knowledge.,https://www.ruthenia.ru/folklore/thompson/d.htm
D1820,Magic sight and,https://www.ruthenia.ru/folklore/thompson/d.htm
D1830,Magic strength.,https://www.ruthenia.ru/folklore/thompson/d.htm
D1840,Magic,https://www.ruthenia.ru/folklore/thompson/d.htm
D1850,Immortality.,https://www.ruthenia.ru/folklore/thompson/d.htm
D1860,Magic,https://www.ruthenia.ru/folklore/thompson/d.htm
D1870,Magic,https://www.ruthenia.ru/folklore/thompson/d.htm
D1880,Magic,https://www.ruthenia.ru/folklore/thompson/d.htm
D1890,Magic aging.,https://www.ruthenia.ru/folklore/thompson/d.htm
D1900,Love induced by,https://www.ruthenia.ru/folklore/thompson/d.htm
D1910,Magic memory.,https://www.ruthenia.ru/folklore/thompson/d.htm
D1920,Other permanent,https://www.ruthenia.ru/folklore/thompson/d.htm
D1960,Magic sleep.,https://www.ruthenia.ru/folklore/thompson/d.htm
D1980,Magic,https://www.ruthenia.ru/folklore/thompson/d.htm
D2000,Magic,https://www.ruthenia.ru/folklore/thompson/d.htm
D2020,Magic dumbness.,https://www.ruthenia.ru/folklore/thompson/d.htm
D2030,Other temporary,https://www.ruthenia.ru/folklore/thompson/d.htm
D2050,Destructive magic,https://www.ruthenia.ru/folklore/thompson/d.htm
D2060,Death or bodily,https://www.ruthenia.ru/folklore/thompson/d.htm
D2070,Bewitching.,https://www.ruthenia.ru/folklore/thompson/d.htm
D2080,Magic used,https://www.ruthenia.ru/folklore/thompson/d.htm
D2090,Other destructive,https://www.ruthenia.ru/folklore/thompson/d.htm
D2100,Magic wealth.,https://www.ruthenia.ru/folklore/thompson/d.htm
D2120,Magic,https://www.ruthenia.ru/folklore/thompson/d.htm
D2140,Magic control of,https://www.ruthenia.ru/folklore/thompson/d.htm
D2150,Miscellaneous,https://www.ruthenia.ru/folklore/thompson/d.htm
E0,Resuscitation,https://www.ruthenia.ru/folklore/thompson/e.htm
E10,Resuscitation by,https://www.ruthenia.ru/folklore/thompson/e.htm
E30,Resuscitation by,https://www.ruthenia.ru/folklore/thompson/e.htm
E50,Resuscitation by,https://www.ruthenia.ru/folklore/thompson/e.htm
E80,Water of life,https://www.ruthenia.ru/folklore/thompson/e.htm
E90,Tree of life,https://www.ruthenia.ru/folklore/thompson/e.htm
E100,Resuscitation by,https://www.ruthenia.ru/folklore/thompson/e.htm
E120,Other means of,https://www.ruthenia.ru/folklore/thompson/e.htm
E150,Circumstances of,https://www.ruthenia.ru/folklore/thompson/e.htm
E200,Malevolent return,https://www.ruthenia.ru/folklore/thompson/e.htm
E210,Dead lover’s malevolent return,https://www.ruthenia.ru/folklore/thompson/e.htm
E220,Dead relative‘s malevolent return,https://www.ruthenia.ru/folklore/thompson/e.htm
E230,Return from dead,https://www.ruthenia.ru/folklore/thompson/e.htm
E250,Bloodthirsty,https://www.ruthenia.ru/folklore/thompson/e.htm
E260,Other malevolent,https://www.ruthenia.ru/folklore/thompson/e.htm
E280,Ghosts haunt,https://www.ruthenia.ru/folklore/thompson/e.htm
E300,Friendly return,https://www.ruthenia.ru/folklore/thompson/e.htm
E310,Dead lover’s friendly return,https://www.ruthenia.ru/folklore/thompson/e.htm
E320,Dead relative‘s friendly return,https://www.ruthenia.ru/folklore/thompson/e.htm
E340,Return from dead,https://www.ruthenia.ru/folklore/thompson/e.htm
E360,Other reasons for,https://www.ruthenia.ru/folklore/thompson/e.htm
E380,Ghost summoned,https://www.ruthenia.ru/folklore/thompson/e.htm
E390,Friendly return,https://www.ruthenia.ru/folklore/thompson/e.htm
E400,Ghosts and,https://www.ruthenia.ru/folklore/thompson/e.htm
E410,The unquiet grave,https://www.ruthenia.ru/folklore/thompson/e.htm
E420,Appearance of,https://www.ruthenia.ru/folklore/thompson/e.htm
E430,Defense against,https://www.ruthenia.ru/folklore/thompson/e.htm
E440,Walking ghosts “laid”,https://www.ruthenia.ru/folklore/thompson/e.htm
E460,Revenants in,https://www.ruthenia.ru/folklore/thompson/e.htm
E470,Intimate relations,https://www.ruthenia.ru/folklore/thompson/e.htm
E480,Abode of the dead,https://www.ruthenia.ru/folklore/thompson/e.htm
E490,Meetings of the,https://www.ruthenia.ru/folklore/thompson/e.htm
E500,Phantom hosts,https://www.ruthenia.ru/folklore/thompson/e.htm
E510,Phantom sailors,https://www.ruthenia.ru/folklore/thompson/e.htm
E520,Animal ghosts,https://www.ruthenia.ru/folklore/thompson/e.htm
E530,Ghosts of objects,https://www.ruthenia.ru/folklore/thompson/e.htm
E540,Miscellaneous,https://www.ruthenia.ru/folklore/thompson/e.htm
E600,Reincarnation,https://www.ruthenia.ru/folklore/thompson/e.htm
E610,Reincarnation as,https://www.ruthenia.ru/folklore/thompson/e.htm
E630,Reincarnation in,https://www.ruthenia.ru/folklore/thompson/e.htm
E650,Reincarnation:,https://www.ruthenia.ru/folklore/thompson/e.htm
E670,Repeated,https://www.ruthenia.ru/folklore/thompson/e.htm
E690,Reincarnation:,https://www.ruthenia.ru/folklore/thompson/e.htm
E700,The soul,https://www.ruthenia.ru/folklore/thompson/e.htm
E710,External soul,https://www.ruthenia.ru/folklore/thompson/e.htm
E720,Soul leaves or,https://www.ruthenia.ru/folklore/thompson/e.htm
E730,Soul in animal,https://www.ruthenia.ru/folklore/thompson/e.htm
E740,Other forms of the,https://www.ruthenia.ru/folklore/thompson/e.htm
E750,perils of the soul,https://www.ruthenia.ru/folklore/thompson/e.htm
E760,Life index,https://www.ruthenia.ru/folklore/thompson/e.htm
E770,Vital objects,https://www.ruthenia.ru/folklore/thompson/e.htm
E780,Vital bodily,https://www.ruthenia.ru/folklore/thompson/e.htm
E0,Resuscitation.,https://www.ruthenia.ru/folklore/thompson/e.htm
E10,Resuscitation by,https://www.ruthenia.ru/folklore/thompson/e.htm
E61,N. A. Indian: *Thompson Tales 319 n. 153. See also references to E61.,https://www.ruthenia.ru/folklore/thompson/e.htm
E30,Resuscitation by,https://www.ruthenia.ru/folklore/thompson/e.htm
E50,Resuscitation by,https://www.ruthenia.ru/folklore/thompson/e.htm
E80,Water of Life.,https://www.ruthenia.ru/folklore/thompson/e.htm
E90,Tree of Life.,https://www.ruthenia.ru/folklore/thompson/e.htm
E100,Resuscitation by,https://www.ruthenia.ru/folklore/thompson/e.htm
E120,Other means of,https://www.ruthenia.ru/folklore/thompson/e.htm
E150,Circumstances of,https://www.ruthenia.ru/folklore/thompson/e.htm
E200,Malevolent return,https://www.ruthenia.ru/folklore/thompson/e.htm
E210,Dead lover’s malevolent return.,https://www.ruthenia.ru/folklore/thompson/e.htm
E220,Dead relative’s malevolent return.,https://www.ruthenia.ru/folklore/thompson/e.htm
E230,Return from dead,https://www.ruthenia.ru/folklore/thompson/e.htm
E250,Bloodthirsty,https://www.ruthenia.ru/folklore/thompson/e.htm
E260,Other malevolent,https://www.ruthenia.ru/folklore/thompson/e.htm
E280,Ghosts haunt,https://www.ruthenia.ru/folklore/thompson/e.htm
E290,Malevolent return,https://www.ruthenia.ru/folklore/thompson/e.htm
E300,Friendly return,https://www.ruthenia.ru/folklore/thompson/e.htm
E310,Dead lover’s friendly return.,https://www.ruthenia.ru/folklore/thompson/e.htm
E320,Dead relative‘s friendly return.,https://www.ruthenia.ru/folklore/thompson/e.htm
E330,Locations haunted,https://www.ruthenia.ru/folklore/thompson/e.htm
E340,Return from dead,https://www.ruthenia.ru/folklore/thompson/e.htm
E360,Other reasons for,https://www.ruthenia.ru/folklore/thompson/e.htm
E380,Ghost summoned.,https://www.ruthenia.ru/folklore/thompson/e.htm
E361,*Jellinek Zs. f. Vksk. XIV 323f; India: Thompson-Balys; N. A. Indian:,https://www.ruthenia.ru/folklore/thompson/e.htm
E390,Friendly return,https://www.ruthenia.ru/folklore/thompson/e.htm
E400,Ghosts and,https://www.ruthenia.ru/folklore/thompson/e.htm
E410,The unquiet grave.,https://www.ruthenia.ru/folklore/thompson/e.htm
E414,U.S.: Baughman.,https://www.ruthenia.ru/folklore/thompson/e.htm
E420,Appearance of,https://www.ruthenia.ru/folklore/thompson/e.htm
E430,Defense against,https://www.ruthenia.ru/folklore/thompson/e.htm
E440,Walking ghost “laid”.,https://www.ruthenia.ru/folklore/thompson/e.htm
E460,Revenants in,https://www.ruthenia.ru/folklore/thompson/e.htm
E470,Intimate relations,https://www.ruthenia.ru/folklore/thompson/e.htm
E480,Abode of the dead.,https://www.ruthenia.ru/folklore/thompson/e.htm
E490,Meetings of the dead.,https://www.ruthenia.ru/folklore/thompson/e.htm
E500,Phantom hosts.,https://www.ruthenia.ru/folklore/thompson/e.htm
E510,Phantom sailors,https://www.ruthenia.ru/folklore/thompson/e.htm
E520,Animal ghosts.,https://www.ruthenia.ru/folklore/thompson/e.htm
E530,Ghosts of objects.,https://www.ruthenia.ru/folklore/thompson/e.htm
E540,Miscellaneous,https://www.ruthenia.ru/folklore/thompson/e.htm
E600,Reincarnation.,https://www.ruthenia.ru/folklore/thompson/e.htm
E700,The soul.,https://www.ruthenia.ru/folklore/thompson/e.htm
E610,Reincarnation as,https://www.ruthenia.ru/folklore/thompson/e.htm
E630,Reincarnation in,https://www.ruthenia.ru/folklore/thompson/e.htm
E650,Reincarnation:,https://www.ruthenia.ru/folklore/thompson/e.htm
E670,Repeated,https://www.ruthenia.ru/folklore/thompson/e.htm
E690,Reincarnation:,https://www.ruthenia.ru/folklore/thompson/e.htm
E700,The Soul.,https://www.ruthenia.ru/folklore/thompson/e.htm
E710,External soul.,https://www.ruthenia.ru/folklore/thompson/e.htm
E720,Soul leaves or,https://www.ruthenia.ru/folklore/thompson/e.htm
E730,Soul in animal,https://www.ruthenia.ru/folklore/thompson/e.htm
E740,Other forms of the,https://www.ruthenia.ru/folklore/thompson/e.htm
E750,Perils of the,https://www.ruthenia.ru/folklore/thompson/e.htm
E760,Life Index.,https://www.ruthenia.ru/folklore/thompson/e.htm
E770,Vital objects.,https://www.ruthenia.ru/folklore/thompson/e.htm
E780,Vital bodily,https://www.ruthenia.ru/folklore/thompson/e.htm
E790,The,https://www.ruthenia.ru/folklore/thompson/e.htm
E734.3,Vol. 2 Fn. 1 p. 502,https://www.ruthenia.ru/folklore/thompson/e.htm
F0,Journey to,https://www.ruthenia.ru/folklore/thompson/f.htm
F10,Journey to upper,https://www.ruthenia.ru/folklore/thompson/f.htm
F30,Inhabitant of upper,https://www.ruthenia.ru/folklore/thompson/f.htm
F50,Access to upper,https://www.ruthenia.ru/folklore/thompson/f.htm
F60,Transportation to,https://www.ruthenia.ru/folklore/thompson/f.htm
F80,Journey to lower,https://www.ruthenia.ru/folklore/thompson/f.htm
F90,Access to lower,https://www.ruthenia.ru/folklore/thompson/f.htm
F100,Visit to lower,https://www.ruthenia.ru/folklore/thompson/f.htm
F110,Journey to,https://www.ruthenia.ru/folklore/thompson/f.htm
F130,Location of,https://www.ruthenia.ru/folklore/thompson/f.htm
F140,Bounds of the,https://www.ruthenia.ru/folklore/thompson/f.htm
F150,Access to,https://www.ruthenia.ru/folklore/thompson/f.htm
F160,Nature of the,https://www.ruthenia.ru/folklore/thompson/f.htm
F200,Fairies (elves),https://www.ruthenia.ru/folklore/thompson/f.htm
F210,Fairyland,https://www.ruthenia.ru/folklore/thompson/f.htm
F220,Dwelling of,https://www.ruthenia.ru/folklore/thompson/f.htm
F230,Appearance of,https://www.ruthenia.ru/folklore/thompson/f.htm
F240,Possessions of,https://www.ruthenia.ru/folklore/thompson/f.htm
F250,Other,https://www.ruthenia.ru/folklore/thompson/f.htm
F260,Behavior of,https://www.ruthenia.ru/folklore/thompson/f.htm
F300,Marriage or,https://www.ruthenia.ru/folklore/thompson/f.htm
F310,Fairies and human,https://www.ruthenia.ru/folklore/thompson/f.htm
F320,Fairies carry,https://www.ruthenia.ru/folklore/thompson/f.htm
F330,Grateful fairies,https://www.ruthenia.ru/folklore/thompson/f.htm
F340,Gifts from fairies,https://www.ruthenia.ru/folklore/thompson/f.htm
F350,Theft from fairies,https://www.ruthenia.ru/folklore/thompson/f.htm
F360,Malevolent or,https://www.ruthenia.ru/folklore/thompson/f.htm
F370,Visit to fairyland,https://www.ruthenia.ru/folklore/thompson/f.htm
F380,Defeating or,https://www.ruthenia.ru/folklore/thompson/f.htm
F400,Spirits and demons,https://www.ruthenia.ru/folklore/thompson/f.htm
F420,Water-spirits,https://www.ruthenia.ru/folklore/thompson/f.htm
F430,Weather-spirits,https://www.ruthenia.ru/folklore/thompson/f.htm
F440,Vegetation-spirits,https://www.ruthenia.ru/folklore/thompson/f.htm
F460,Mountain-spirits,https://www.ruthenia.ru/folklore/thompson/f.htm
F470,Night-spirits,https://www.ruthenia.ru/folklore/thompson/f.htm
F480,House-spirits,https://www.ruthenia.ru/folklore/thompson/f.htm
F490,Other spirits and,https://www.ruthenia.ru/folklore/thompson/f.htm
F500,Remarkable persons,https://www.ruthenia.ru/folklore/thompson/f.htm
F510,Monstrous persons,https://www.ruthenia.ru/folklore/thompson/f.htm
F530,Exceptionally,https://www.ruthenia.ru/folklore/thompson/f.htm
F540,Remarkable,https://www.ruthenia.ru/folklore/thompson/f.htm
F560,Unusual manner of,https://www.ruthenia.ru/folklore/thompson/f.htm
F570,Other,https://www.ruthenia.ru/folklore/thompson/f.htm
F600,Person with,https://www.ruthenia.ru/folklore/thompson/f.htm
F610,Remarkably strong,https://www.ruthenia.ru/folklore/thompson/f.htm
F640,Extraordinary,https://www.ruthenia.ru/folklore/thompson/f.htm
F660,Remarkable skill,https://www.ruthenia.ru/folklore/thompson/f.htm
F680,Other marvelous,https://www.ruthenia.ru/folklore/thompson/f.htm
F700,Extraordinary,https://www.ruthenia.ru/folklore/thompson/f.htm
F710,Extraordinary,https://www.ruthenia.ru/folklore/thompson/f.htm
F720,Submarine and,https://www.ruthenia.ru/folklore/thompson/f.htm
F730,Extraordinary,https://www.ruthenia.ru/folklore/thompson/f.htm
F750,Extraordinary,https://www.ruthenia.ru/folklore/thompson/f.htm
F760,Extraordinary,https://www.ruthenia.ru/folklore/thompson/f.htm
F770,Extraordinary,https://www.ruthenia.ru/folklore/thompson/f.htm
F790,Extraordinary sky,https://www.ruthenia.ru/folklore/thompson/f.htm
F800,Extraordinary,https://www.ruthenia.ru/folklore/thompson/f.htm
F810,Extraordinary,https://www.ruthenia.ru/folklore/thompson/f.htm
F820,Extraordinary,https://www.ruthenia.ru/folklore/thompson/f.htm
F830,Extraordinary,https://www.ruthenia.ru/folklore/thompson/f.htm
F840,Other,https://www.ruthenia.ru/folklore/thompson/f.htm
F910,Extraordinary,https://www.ruthenia.ru/folklore/thompson/f.htm
F930,Extraordinary,https://www.ruthenia.ru/folklore/thompson/f.htm
F940,Extraordinary,https://www.ruthenia.ru/folklore/thompson/f.htm
F950,Marvelous cures,https://www.ruthenia.ru/folklore/thompson/f.htm
F960,Extraordinary,https://www.ruthenia.ru/folklore/thompson/f.htm
F970,Extraordinary,https://www.ruthenia.ru/folklore/thompson/f.htm
F980,Extraordinary,https://www.ruthenia.ru/folklore/thompson/f.htm
F990,Inanimate objects,https://www.ruthenia.ru/folklore/thompson/f.htm
F1010,Other,https://www.ruthenia.ru/folklore/thompson/f.htm
F0,Journey to other,https://www.ruthenia.ru/folklore/thompson/f.htm
F10,Journey to upper,https://www.ruthenia.ru/folklore/thompson/f.htm
F50,Access to upper,https://www.ruthenia.ru/folklore/thompson/f.htm
F60,Transportation to,https://www.ruthenia.ru/folklore/thompson/f.htm
F80,Journey to lower,https://www.ruthenia.ru/folklore/thompson/f.htm
F90,Access to lower,https://www.ruthenia.ru/folklore/thompson/f.htm
F100,Visit to lower,https://www.ruthenia.ru/folklore/thompson/f.htm
F110,Journey to,https://www.ruthenia.ru/folklore/thompson/f.htm
F130,Location of,https://www.ruthenia.ru/folklore/thompson/f.htm
F140,Bounds of the,https://www.ruthenia.ru/folklore/thompson/f.htm
F150,Access to,https://www.ruthenia.ru/folklore/thompson/f.htm
F160,Nature of the,https://www.ruthenia.ru/folklore/thompson/f.htm
F200,Fairies (elves).,https://www.ruthenia.ru/folklore/thompson/f.htm
F210,Fairyland.,https://www.ruthenia.ru/folklore/thompson/f.htm
F220,Dwelling of,https://www.ruthenia.ru/folklore/thompson/f.htm
F230,Appearance of,https://www.ruthenia.ru/folklore/thompson/f.htm
F240,Possessions of,https://www.ruthenia.ru/folklore/thompson/f.htm
F250,Other,https://www.ruthenia.ru/folklore/thompson/f.htm
F260,Behavior of,https://www.ruthenia.ru/folklore/thompson/f.htm
F300,Marriage or,https://www.ruthenia.ru/folklore/thompson/f.htm
F310,Fairies and human,https://www.ruthenia.ru/folklore/thompson/f.htm
F320,Fairies carry,https://www.ruthenia.ru/folklore/thompson/f.htm
F330,Grateful fairies.,https://www.ruthenia.ru/folklore/thompson/f.htm
F340,Gifts from,https://www.ruthenia.ru/folklore/thompson/f.htm
F350,Theft from,https://www.ruthenia.ru/folklore/thompson/f.htm
F360,Malevolent or,https://www.ruthenia.ru/folklore/thompson/f.htm
F370,Visit to fairyland.,https://www.ruthenia.ru/folklore/thompson/f.htm
F380,Defeating or,https://www.ruthenia.ru/folklore/thompson/f.htm
F400,Spirits and demons,https://www.ruthenia.ru/folklore/thompson/f.htm
F420,Water-spirits.,https://www.ruthenia.ru/folklore/thompson/f.htm
F430,Weather-spirits.,https://www.ruthenia.ru/folklore/thompson/f.htm
F440,Vegetation,https://www.ruthenia.ru/folklore/thompson/f.htm
F450,Underground,https://www.ruthenia.ru/folklore/thompson/f.htm
F460,Mountain-spirits.,https://www.ruthenia.ru/folklore/thompson/f.htm
F470,Night-spirits.,https://www.ruthenia.ru/folklore/thompson/f.htm
F480,House-spirits.,https://www.ruthenia.ru/folklore/thompson/f.htm
F490,Other spirits and,https://www.ruthenia.ru/folklore/thompson/f.htm
F500,Remarkable,https://www.ruthenia.ru/folklore/thompson/f.htm
F510,Monstrous persons.,https://www.ruthenia.ru/folklore/thompson/f.htm
F530,Exceptionally,https://www.ruthenia.ru/folklore/thompson/f.htm
F540,Remarkable,https://www.ruthenia.ru/folklore/thompson/f.htm
F560,Unusual manner of,https://www.ruthenia.ru/folklore/thompson/f.htm
F570,Other,https://www.ruthenia.ru/folklore/thompson/f.htm
F600,Persons with,https://www.ruthenia.ru/folklore/thompson/f.htm
F610,Remarkably strong,https://www.ruthenia.ru/folklore/thompson/f.htm
F640,Extraordinary,https://www.ruthenia.ru/folklore/thompson/f.htm
F660,Remarkable skill.,https://www.ruthenia.ru/folklore/thompson/f.htm
F680,Other marvelous,https://www.ruthenia.ru/folklore/thompson/f.htm
F700,Extraordinary,https://www.ruthenia.ru/folklore/thompson/f.htm
F730,Extraordinary,https://www.ruthenia.ru/folklore/thompson/f.htm
E750,Extraordinary mountains and other,https://www.ruthenia.ru/folklore/thompson/f.htm
F760,Extraordinary,https://www.ruthenia.ru/folklore/thompson/f.htm
F770,Extraordinary,https://www.ruthenia.ru/folklore/thompson/f.htm
F790,Extraordinary sky,https://www.ruthenia.ru/folklore/thompson/f.htm
F800,Extraordinary,https://www.ruthenia.ru/folklore/thompson/f.htm
F810,Extraordinary,https://www.ruthenia.ru/folklore/thompson/f.htm
F820,Extraordinary,https://www.ruthenia.ru/folklore/thompson/f.htm
F830,Extraordinary,https://www.ruthenia.ru/folklore/thompson/f.htm
F840,Other,https://www.ruthenia.ru/folklore/thompson/f.htm
F900,Extraordinary,https://www.ruthenia.ru/folklore/thompson/f.htm
F910,Extraordinary,https://www.ruthenia.ru/folklore/thompson/f.htm
F930,Extraordinary,https://www.ruthenia.ru/folklore/thompson/f.htm
F940,Extraordinary,https://www.ruthenia.ru/folklore/thompson/f.htm
F950,Marvelous cures.,https://www.ruthenia.ru/folklore/thompson/f.htm
F960,Extraordinary,https://www.ruthenia.ru/folklore/thompson/f.htm
F970,Extraordinary,https://www.ruthenia.ru/folklore/thompson/f.htm
F980,Extraordinary,https://www.ruthenia.ru/folklore/thompson/f.htm
F990,Inanimate objects,https://www.ruthenia.ru/folklore/thompson/f.htm
F1010,Other,https://www.ruthenia.ru/folklore/thompson/f.htm
G0,Ogres,https://www.ruthenia.ru/folklore/thompson/g.htm
G10,Cannibalism,https://www.ruthenia.ru/folklore/thompson/g.htm
G20,Ghouls,https://www.ruthenia.ru/folklore/thompson/g.htm
G30,Person becomes,https://www.ruthenia.ru/folklore/thompson/g.htm
G50,Occasional,https://www.ruthenia.ru/folklore/thompson/g.htm
G60,Human flesh eaten,https://www.ruthenia.ru/folklore/thompson/g.htm
G70,Occasional,https://www.ruthenia.ru/folklore/thompson/g.htm
G80,Other motifs dealing,https://www.ruthenia.ru/folklore/thompson/g.htm
G100,Giant ogre,https://www.ruthenia.ru/folklore/thompson/g.htm
G110,Possessions of,https://www.ruthenia.ru/folklore/thompson/g.htm
G120,Physical,https://www.ruthenia.ru/folklore/thompson/g.htm
G130,Customs of giant,https://www.ruthenia.ru/folklore/thompson/g.htm
G150,Giant,https://www.ruthenia.ru/folklore/thompson/g.htm
G200,Witch,https://www.ruthenia.ru/folklore/thompson/g.htm
G210,Form of witch,https://www.ruthenia.ru/folklore/thompson/g.htm
G220,Characteristics of,https://www.ruthenia.ru/folklore/thompson/g.htm
G230,Habitat of witches,https://www.ruthenia.ru/folklore/thompson/g.htm
G240,Habits of witches,https://www.ruthenia.ru/folklore/thompson/g.htm
G250,Recognition of,https://www.ruthenia.ru/folklore/thompson/g.htm
G260,Evil deeds of,https://www.ruthenia.ru/folklore/thompson/g.htm
G270,Witch overcome or,https://www.ruthenia.ru/folklore/thompson/g.htm
G300,Other ogres,https://www.ruthenia.ru/folklore/thompson/g.htm
G310,Ogres with,https://www.ruthenia.ru/folklore/thompson/g.htm
G350,Animal ogres,https://www.ruthenia.ru/folklore/thompson/g.htm
G360,Ogres with,https://www.ruthenia.ru/folklore/thompson/g.htm
G400,Person falls into,https://www.ruthenia.ru/folklore/thompson/g.htm
G410,Person betrayed,https://www.ruthenia.ru/folklore/thompson/g.htm
G420,Capture by ogre,https://www.ruthenia.ru/folklore/thompson/g.htm
G440,Ogre abducts,https://www.ruthenia.ru/folklore/thompson/g.htm
G450,Falling into ogre’s power--miscellaneous,https://www.ruthenia.ru/folklore/thompson/g.htm
G500,Ogre defeated,https://www.ruthenia.ru/folklore/thompson/g.htm
G510,"Ogre killed,",https://www.ruthenia.ru/folklore/thompson/g.htm
G520,Ogre deceived into,https://www.ruthenia.ru/folklore/thompson/g.htm
G530,Ogre‘s relative aids hero,https://www.ruthenia.ru/folklore/thompson/g.htm
G550,Rescue from ogre,https://www.ruthenia.ru/folklore/thompson/g.htm
G560,Ogre deceived into,https://www.ruthenia.ru/folklore/thompson/g.htm
G570,Ogre overawed,https://www.ruthenia.ru/folklore/thompson/g.htm
G580,Ogre otherwise,https://www.ruthenia.ru/folklore/thompson/g.htm
G610,Theft from ogre,https://www.ruthenia.ru/folklore/thompson/g.htm
G630,Characteristics of,https://www.ruthenia.ru/folklore/thompson/g.htm
G650,Unclassified ogre,https://www.ruthenia.ru/folklore/thompson/g.htm
G0,Ogres.,https://www.ruthenia.ru/folklore/thompson/g.htm
G10,Cannibalism.,https://www.ruthenia.ru/folklore/thompson/g.htm
G20,Ghouls.,https://www.ruthenia.ru/folklore/thompson/g.htm
G30,Person becomes,https://www.ruthenia.ru/folklore/thompson/g.htm
G50,Occasional,https://www.ruthenia.ru/folklore/thompson/g.htm
G60,Human flesh eaten,https://www.ruthenia.ru/folklore/thompson/g.htm
G70,Occasional,https://www.ruthenia.ru/folklore/thompson/g.htm
G80,Other motifs,https://www.ruthenia.ru/folklore/thompson/g.htm
G100,Giant ogre.,https://www.ruthenia.ru/folklore/thompson/g.htm
G110,Possessions of,https://www.ruthenia.ru/folklore/thompson/g.htm
G120,Physical,https://www.ruthenia.ru/folklore/thompson/g.htm
G130,Customs of giant,https://www.ruthenia.ru/folklore/thompson/g.htm
G150,Giant,https://www.ruthenia.ru/folklore/thompson/g.htm
G200,Witch.,https://www.ruthenia.ru/folklore/thompson/g.htm
G210,Form of witch.,https://www.ruthenia.ru/folklore/thompson/g.htm
G220,Characteristics of,https://www.ruthenia.ru/folklore/thompson/g.htm
G230,Habitat of,https://www.ruthenia.ru/folklore/thompson/g.htm
G240,Habits of witches.,https://www.ruthenia.ru/folklore/thompson/g.htm
G250,Recognition of,https://www.ruthenia.ru/folklore/thompson/g.htm
G260,Evil deeds of,https://www.ruthenia.ru/folklore/thompson/g.htm
G270,Witch overcome or,https://www.ruthenia.ru/folklore/thompson/g.htm
G300,Other ogres.,https://www.ruthenia.ru/folklore/thompson/g.htm
F531,"(Giant), G100--199 and G500--699.)--**Wьnsche Teufel; **A Graf The",https://www.ruthenia.ru/folklore/thompson/g.htm
G303.6.3.1.1,Balys Tautosakos Darbai VI 87--100.,https://www.ruthenia.ru/folklore/thompson/g.htm
G310,Ogres with,https://www.ruthenia.ru/folklore/thompson/g.htm
G360,Ogres with monstrous features.,https://www.ruthenia.ru/folklore/thompson/g.htm
G400,Person falls into,https://www.ruthenia.ru/folklore/thompson/g.htm
G410,Person betrayed,https://www.ruthenia.ru/folklore/thompson/g.htm
G420,Capture by ogre.,https://www.ruthenia.ru/folklore/thompson/g.htm
G440,Ogre abducts,https://www.ruthenia.ru/folklore/thompson/g.htm
G450,Falling into ogre’s power--miscellaneous.,https://www.ruthenia.ru/folklore/thompson/g.htm
G500,Ogre defeated.,https://www.ruthenia.ru/folklore/thompson/g.htm
G510,"Ogre killed,",https://www.ruthenia.ru/folklore/thompson/g.htm
G520,Ogre deceived into,https://www.ruthenia.ru/folklore/thompson/g.htm
G530,Ogre’s relative aids hero.,https://www.ruthenia.ru/folklore/thompson/g.htm
G550,Rescue from ogre.,https://www.ruthenia.ru/folklore/thompson/g.htm
G560,Ogre deceived into,https://www.ruthenia.ru/folklore/thompson/g.htm
G570,Ogre overawed.,https://www.ruthenia.ru/folklore/thompson/g.htm
G580,Ogre otherwise,https://www.ruthenia.ru/folklore/thompson/g.htm
G610,Theft from ogre.,https://www.ruthenia.ru/folklore/thompson/g.htm
G630,Characteristics of,https://www.ruthenia.ru/folklore/thompson/g.htm
G650,Unclassified ogre,https://www.ruthenia.ru/folklore/thompson/g.htm
H0,Identity tests,https://www.ruthenia.ru/folklore/thompson/h.htm
H10,Recognition through,https://www.ruthenia.ru/folklore/thompson/h.htm
H20,Recognition by,https://www.ruthenia.ru/folklore/thompson/h.htm
H30,Recognition through,https://www.ruthenia.ru/folklore/thompson/h.htm
H50,Recognition by,https://www.ruthenia.ru/folklore/thompson/h.htm
H80,Identification by,https://www.ruthenia.ru/folklore/thompson/h.htm
H90,Identification by,https://www.ruthenia.ru/folklore/thompson/h.htm
H100,Identification by,https://www.ruthenia.ru/folklore/thompson/h.htm
H110,Identification by,https://www.ruthenia.ru/folklore/thompson/h.htm
H120,Identification by,https://www.ruthenia.ru/folklore/thompson/h.htm
H150,Circumstances of,https://www.ruthenia.ru/folklore/thompson/h.htm
H210,Test of guilt or,https://www.ruthenia.ru/folklore/thompson/h.htm
H220,Ordeals,https://www.ruthenia.ru/folklore/thompson/h.htm
H240,Other tests of,https://www.ruthenia.ru/folklore/thompson/h.htm
H300,Tests connected,https://www.ruthenia.ru/folklore/thompson/h.htm
H310,Suitor tests,https://www.ruthenia.ru/folklore/thompson/h.htm
H360,Bride test,https://www.ruthenia.ru/folklore/thompson/h.htm
H400,Chastity test,https://www.ruthenia.ru/folklore/thompson/h.htm
H410,Chastity test by,https://www.ruthenia.ru/folklore/thompson/h.htm
H430,Chastity index,https://www.ruthenia.ru/folklore/thompson/h.htm
H440,Other indications,https://www.ruthenia.ru/folklore/thompson/h.htm
H460,Wife tests,https://www.ruthenia.ru/folklore/thompson/h.htm
H480,Father tests,https://www.ruthenia.ru/folklore/thompson/h.htm
H490,Other marriage,https://www.ruthenia.ru/folklore/thompson/h.htm
H500,Test of cleverness,https://www.ruthenia.ru/folklore/thompson/h.htm
H510,Tests in guessing,https://www.ruthenia.ru/folklore/thompson/h.htm
H540,Propounding of,https://www.ruthenia.ru/folklore/thompson/h.htm
H570,Means of solving,https://www.ruthenia.ru/folklore/thompson/h.htm
H580,Enigmatic,https://www.ruthenia.ru/folklore/thompson/h.htm
H600,Symbolic,https://www.ruthenia.ru/folklore/thompson/h.htm
H620,The unsolved,https://www.ruthenia.ru/folklore/thompson/h.htm
H630,Riddles of the,https://www.ruthenia.ru/folklore/thompson/h.htm
H660,Riddles of,https://www.ruthenia.ru/folklore/thompson/h.htm
H680,Riddles of,https://www.ruthenia.ru/folklore/thompson/h.htm
H690,Riddles of weight,https://www.ruthenia.ru/folklore/thompson/h.htm
H700,Riddles of numbers,https://www.ruthenia.ru/folklore/thompson/h.htm
H710,Riddles of value,https://www.ruthenia.ru/folklore/thompson/h.htm
H720,Metaphorical,https://www.ruthenia.ru/folklore/thompson/h.htm
H770,Riddles of,https://www.ruthenia.ru/folklore/thompson/h.htm
H790,Riddles based on,https://www.ruthenia.ru/folklore/thompson/h.htm
H810,Riddles based on,https://www.ruthenia.ru/folklore/thompson/h.htm
H840,Other riddles,https://www.ruthenia.ru/folklore/thompson/h.htm
H900,Tasks imposed,https://www.ruthenia.ru/folklore/thompson/h.htm
H910,Assignment of,https://www.ruthenia.ru/folklore/thompson/h.htm
H920,Assigners of tasks,https://www.ruthenia.ru/folklore/thompson/h.htm
H940,Assignment of,https://www.ruthenia.ru/folklore/thompson/h.htm
H960,Tasks performed,https://www.ruthenia.ru/folklore/thompson/h.htm
H970,Help in performing,https://www.ruthenia.ru/folklore/thompson/h.htm
H1010,Impossible tasks,https://www.ruthenia.ru/folklore/thompson/h.htm
H1020,Tasks contrary to,https://www.ruthenia.ru/folklore/thompson/h.htm
H1030,Other impossible,https://www.ruthenia.ru/folklore/thompson/h.htm
H1050,Paradoxical tasks,https://www.ruthenia.ru/folklore/thompson/h.htm
H1090,Tasks requiring,https://www.ruthenia.ru/folklore/thompson/h.htm
H1110,Tedious tasks,https://www.ruthenia.ru/folklore/thompson/h.htm
H1130,Superhuman tasks,https://www.ruthenia.ru/folklore/thompson/h.htm
H1150,"Tasks: stealing,",https://www.ruthenia.ru/folklore/thompson/h.htm
H1180,Miscellaneous,https://www.ruthenia.ru/folklore/thompson/h.htm
H1200,Quest,https://www.ruthenia.ru/folklore/thompson/h.htm
H1210,Quest assigned,https://www.ruthenia.ru/folklore/thompson/h.htm
H1220,Quest voluntarily,https://www.ruthenia.ru/folklore/thompson/h.htm
H1240,Other,https://www.ruthenia.ru/folklore/thompson/h.htm
H1250,Quest to the,https://www.ruthenia.ru/folklore/thompson/h.htm
H1260,Quest to the,https://www.ruthenia.ru/folklore/thompson/h.htm
H1270,Quest to lower,https://www.ruthenia.ru/folklore/thompson/h.htm
H1280,Quests to other,https://www.ruthenia.ru/folklore/thompson/h.htm
H1290,Quests to the,https://www.ruthenia.ru/folklore/thompson/h.htm
H1300,Quests for the,https://www.ruthenia.ru/folklore/thompson/h.htm
H1320,Quest for,https://www.ruthenia.ru/folklore/thompson/h.htm
H1360,Quest for,https://www.ruthenia.ru/folklore/thompson/h.htm
H1370,Miscellaneous,https://www.ruthenia.ru/folklore/thompson/h.htm
H1400,Fear test,https://www.ruthenia.ru/folklore/thompson/h.htm
H1410,Fear test:,https://www.ruthenia.ru/folklore/thompson/h.htm
H1420,Fearless traffic,https://www.ruthenia.ru/folklore/thompson/h.htm
H1430,Fearless traffic,https://www.ruthenia.ru/folklore/thompson/h.htm
H1440,The learning of,https://www.ruthenia.ru/folklore/thompson/h.htm
H1450,Vigilance test,https://www.ruthenia.ru/folklore/thompson/h.htm
H1460,Test: vigil at,https://www.ruthenia.ru/folklore/thompson/h.htm
H1470,Other vigilance,https://www.ruthenia.ru/folklore/thompson/h.htm
H1480,Accomplishment of,https://www.ruthenia.ru/folklore/thompson/h.htm
H1500,Tests of,https://www.ruthenia.ru/folklore/thompson/h.htm
H1510,Tests of power to,https://www.ruthenia.ru/folklore/thompson/h.htm
H1540,Contests in,https://www.ruthenia.ru/folklore/thompson/h.htm
H1550,Tests of,https://www.ruthenia.ru/folklore/thompson/h.htm
H0,Identity tests.,https://www.ruthenia.ru/folklore/thompson/h.htm
H10,Recognition through,https://www.ruthenia.ru/folklore/thompson/h.htm
H20,Recognition by,https://www.ruthenia.ru/folklore/thompson/h.htm
H30,Recognition through,https://www.ruthenia.ru/folklore/thompson/h.htm
H50,Recognition by,https://www.ruthenia.ru/folklore/thompson/h.htm
H80,Identification by,https://www.ruthenia.ru/folklore/thompson/h.htm
H90,Identification by,https://www.ruthenia.ru/folklore/thompson/h.htm
H100,Identification by,https://www.ruthenia.ru/folklore/thompson/h.htm
H110,Identification by,https://www.ruthenia.ru/folklore/thompson/h.htm
H120,Identification by,https://www.ruthenia.ru/folklore/thompson/h.htm
H150,Circumstances of,https://www.ruthenia.ru/folklore/thompson/h.htm
H210,Test of guilt or,https://www.ruthenia.ru/folklore/thompson/h.htm
H220,Ordeals.,https://www.ruthenia.ru/folklore/thompson/h.htm
H240,Other tests of,https://www.ruthenia.ru/folklore/thompson/h.htm
H300,Tests connected,https://www.ruthenia.ru/folklore/thompson/h.htm
H310,Suitor tests.,https://www.ruthenia.ru/folklore/thompson/h.htm
H360,Bride test.,https://www.ruthenia.ru/folklore/thompson/h.htm
H400,Chastity test.,https://www.ruthenia.ru/folklore/thompson/h.htm
H410,Chastity test by,https://www.ruthenia.ru/folklore/thompson/h.htm
H430,Chastity index.,https://www.ruthenia.ru/folklore/thompson/h.htm
H440,Other indications,https://www.ruthenia.ru/folklore/thompson/h.htm
H460,Wife tests.,https://www.ruthenia.ru/folklore/thompson/h.htm
H480,Father tests.,https://www.ruthenia.ru/folklore/thompson/h.htm
H490,Other marriage,https://www.ruthenia.ru/folklore/thompson/h.htm
H500,Test of cleverness,https://www.ruthenia.ru/folklore/thompson/h.htm
H510,Tests in guessing.,https://www.ruthenia.ru/folklore/thompson/h.htm
H530,Riddles.,https://www.ruthenia.ru/folklore/thompson/h.htm
H540,Propounding of,https://www.ruthenia.ru/folklore/thompson/h.htm
H570,Means of solving,https://www.ruthenia.ru/folklore/thompson/h.htm
H580,Enigmatic,https://www.ruthenia.ru/folklore/thompson/h.htm
H600,Symbolic,https://www.ruthenia.ru/folklore/thompson/h.htm
H620,The unsolved,https://www.ruthenia.ru/folklore/thompson/h.htm
H630,Riddles of the,https://www.ruthenia.ru/folklore/thompson/h.htm
H660,Riddles of,https://www.ruthenia.ru/folklore/thompson/h.htm
H680,Riddles of,https://www.ruthenia.ru/folklore/thompson/h.htm
H690,Riddles of weight,https://www.ruthenia.ru/folklore/thompson/h.htm
H700,Riddles of,https://www.ruthenia.ru/folklore/thompson/h.htm
H710,Riddles of value.,https://www.ruthenia.ru/folklore/thompson/h.htm
H720,Metaphorical,https://www.ruthenia.ru/folklore/thompson/h.htm
H770,Riddles of,https://www.ruthenia.ru/folklore/thompson/h.htm
H790,Riddles based on,https://www.ruthenia.ru/folklore/thompson/h.htm
H810,Riddles based on,https://www.ruthenia.ru/folklore/thompson/h.htm
H840,Other riddles.,https://www.ruthenia.ru/folklore/thompson/h.htm
H900,Tasks imposed.,https://www.ruthenia.ru/folklore/thompson/h.htm
H910,Assignment of,https://www.ruthenia.ru/folklore/thompson/h.htm
H920,Assigners of,https://www.ruthenia.ru/folklore/thompson/h.htm
H940,Assignment of,https://www.ruthenia.ru/folklore/thompson/h.htm
H950,Task evaded by,https://www.ruthenia.ru/folklore/thompson/h.htm
H960,Tasks performed,https://www.ruthenia.ru/folklore/thompson/h.htm
H970,Help in performing,https://www.ruthenia.ru/folklore/thompson/h.htm
H990,Performance of,https://www.ruthenia.ru/folklore/thompson/h.htm
H1010,Impossible tasks.,https://www.ruthenia.ru/folklore/thompson/h.htm
H1020,Tasks contrary to,https://www.ruthenia.ru/folklore/thompson/h.htm
H1030,Other impossible,https://www.ruthenia.ru/folklore/thompson/h.htm
H1050,Paradoxical,https://www.ruthenia.ru/folklore/thompson/h.htm
H1090,Tasks requiring,https://www.ruthenia.ru/folklore/thompson/h.htm
H1110,Tedious tasks.,https://www.ruthenia.ru/folklore/thompson/h.htm
H1130,Superhuman tasks.,https://www.ruthenia.ru/folklore/thompson/h.htm
H1150,"Tasks: stealing,",https://www.ruthenia.ru/folklore/thompson/h.htm
H1165,Task: bullfight,https://www.ruthenia.ru/folklore/thompson/h.htm
H1180,Miscellaneous,https://www.ruthenia.ru/folklore/thompson/h.htm
H1200,Quest.,https://www.ruthenia.ru/folklore/thompson/h.htm
H1210,Quest assigned.,https://www.ruthenia.ru/folklore/thompson/h.htm
H1220,Quests,https://www.ruthenia.ru/folklore/thompson/h.htm
H1230,Accomplishment of,https://www.ruthenia.ru/folklore/thompson/h.htm
H1240,Other,https://www.ruthenia.ru/folklore/thompson/h.htm
H1250,Quests to the,https://www.ruthenia.ru/folklore/thompson/h.htm
H1260,Quest to the,https://www.ruthenia.ru/folklore/thompson/h.htm
H1270,Quest to lower,https://www.ruthenia.ru/folklore/thompson/h.htm
H1280,Quests to other,https://www.ruthenia.ru/folklore/thompson/h.htm
H1290,Quests to the,https://www.ruthenia.ru/folklore/thompson/h.htm
H1300,Quests for the,https://www.ruthenia.ru/folklore/thompson/h.htm
H1320,Quest for,https://www.ruthenia.ru/folklore/thompson/h.htm
H1360,Quest for,https://www.ruthenia.ru/folklore/thompson/h.htm
H1370,Miscellaneous,https://www.ruthenia.ru/folklore/thompson/h.htm
H1400,Fear test.,https://www.ruthenia.ru/folklore/thompson/h.htm
H1410,Fear test:,https://www.ruthenia.ru/folklore/thompson/h.htm
H1420,Fearless traffic,https://www.ruthenia.ru/folklore/thompson/h.htm
H1430,Fearless traffic,https://www.ruthenia.ru/folklore/thompson/h.htm
H1440,The learning of,https://www.ruthenia.ru/folklore/thompson/h.htm
H1450,Vigilance test.,https://www.ruthenia.ru/folklore/thompson/h.htm
H1460,Test: vigil at,https://www.ruthenia.ru/folklore/thompson/h.htm
H1470,Other vigilance,https://www.ruthenia.ru/folklore/thompson/h.htm
H1480,Accomplishment of,https://www.ruthenia.ru/folklore/thompson/h.htm
H1500,Tests of,https://www.ruthenia.ru/folklore/thompson/h.htm
H1510,Tests of power to,https://www.ruthenia.ru/folklore/thompson/h.htm
H1540,Contests in,https://www.ruthenia.ru/folklore/thompson/h.htm
H1550,Tests of,https://www.ruthenia.ru/folklore/thompson/h.htm
J10,Wisdom (knowledge),https://www.ruthenia.ru/folklore/thompson/j.htm
J30,Wisdom (knowledge),https://www.ruthenia.ru/folklore/thompson/j.htm
J50,Wisdom (knowledge),https://www.ruthenia.ru/folklore/thompson/j.htm
J80,Wisdom (knowledge),https://www.ruthenia.ru/folklore/thompson/j.htm
J100,Wisdom (knowledge),https://www.ruthenia.ru/folklore/thompson/j.htm
J120,Wisdom learned,https://www.ruthenia.ru/folklore/thompson/j.htm
J130,Wisdom (knowledge),https://www.ruthenia.ru/folklore/thompson/j.htm
J140,Wisdom (knowledge),https://www.ruthenia.ru/folklore/thompson/j.htm
J150,Other means of,https://www.ruthenia.ru/folklore/thompson/j.htm
J180,Possession of,https://www.ruthenia.ru/folklore/thompson/j.htm
J200,Choices,https://www.ruthenia.ru/folklore/thompson/j.htm
J210,Choice between,https://www.ruthenia.ru/folklore/thompson/j.htm
J230,Choice: real and,https://www.ruthenia.ru/folklore/thompson/j.htm
J240,Choice between,https://www.ruthenia.ru/folklore/thompson/j.htm
J260,Choice between,https://www.ruthenia.ru/folklore/thompson/j.htm
J280,Quality preferred,https://www.ruthenia.ru/folklore/thompson/j.htm
J310,The present,https://www.ruthenia.ru/folklore/thompson/j.htm
J320,Present values,https://www.ruthenia.ru/folklore/thompson/j.htm
J340,Choices: little,https://www.ruthenia.ru/folklore/thompson/j.htm
J350,Choices: small,https://www.ruthenia.ru/folklore/thompson/j.htm
J370,Choices: important,https://www.ruthenia.ru/folklore/thompson/j.htm
J390,Choices: kind,https://www.ruthenia.ru/folklore/thompson/j.htm
J400,Choice of,https://www.ruthenia.ru/folklore/thompson/j.htm
J410,Association of,https://www.ruthenia.ru/folklore/thompson/j.htm
J420,Association of,https://www.ruthenia.ru/folklore/thompson/j.htm
J440,Association of,https://www.ruthenia.ru/folklore/thompson/j.htm
J450,Association of the,https://www.ruthenia.ru/folklore/thompson/j.htm
J460,Unnecessary,https://www.ruthenia.ru/folklore/thompson/j.htm
J480,Other choices,https://www.ruthenia.ru/folklore/thompson/j.htm
J510,Prudence in,https://www.ruthenia.ru/folklore/thompson/j.htm
J530,Prudence in,https://www.ruthenia.ru/folklore/thompson/j.htm
J550,Zeal--temperate,https://www.ruthenia.ru/folklore/thompson/j.htm
J570,Wisdom of,https://www.ruthenia.ru/folklore/thompson/j.htm
J580,Wisdom of caution,https://www.ruthenia.ru/folklore/thompson/j.htm
J620,Forethought in,https://www.ruthenia.ru/folklore/thompson/j.htm
J640,Avoidance of,https://www.ruthenia.ru/folklore/thompson/j.htm
J670,Forethought in,https://www.ruthenia.ru/folklore/thompson/j.htm
J680,Forethought in,https://www.ruthenia.ru/folklore/thompson/j.htm
J700,Forethought in,https://www.ruthenia.ru/folklore/thompson/j.htm
J710,Forethought in,https://www.ruthenia.ru/folklore/thompson/j.htm
J730,Forethought in,https://www.ruthenia.ru/folklore/thompson/j.htm
J740,Forethought in,https://www.ruthenia.ru/folklore/thompson/j.htm
J810,Policy in dealing,https://www.ruthenia.ru/folklore/thompson/j.htm
J830,Adaptability to,https://www.ruthenia.ru/folklore/thompson/j.htm
J860,Consolation by a,https://www.ruthenia.ru/folklore/thompson/j.htm
J870,Consolation by,https://www.ruthenia.ru/folklore/thompson/j.htm
J880,Consolation by,https://www.ruthenia.ru/folklore/thompson/j.htm
J890,Consolation in,https://www.ruthenia.ru/folklore/thompson/j.htm
J910,Humility of the,https://www.ruthenia.ru/folklore/thompson/j.htm
J950,Presumption of the,https://www.ruthenia.ru/folklore/thompson/j.htm
J1010,Value of industry,https://www.ruthenia.ru/folklore/thompson/j.htm
J1020,Strength in unity,https://www.ruthenia.ru/folklore/thompson/j.htm
J1030,Self-dependence,https://www.ruthenia.ru/folklore/thompson/j.htm
J1040,Decisiveness of,https://www.ruthenia.ru/folklore/thompson/j.htm
J1050,Attention to,https://www.ruthenia.ru/folklore/thompson/j.htm
J1060,Miscellaneous,https://www.ruthenia.ru/folklore/thompson/j.htm
J1110,Clever persons,https://www.ruthenia.ru/folklore/thompson/j.htm
J1130,Cleverness in law,https://www.ruthenia.ru/folklore/thompson/j.htm
J1140,Cleverness in,https://www.ruthenia.ru/folklore/thompson/j.htm
J1150,Cleverness,https://www.ruthenia.ru/folklore/thompson/j.htm
J1160,Clever pleading,https://www.ruthenia.ru/folklore/thompson/j.htm
J1170,Clever judicial,https://www.ruthenia.ru/folklore/thompson/j.htm
J1180,Clever means of,https://www.ruthenia.ru/folklore/thompson/j.htm
J1190,Cleverness in the,https://www.ruthenia.ru/folklore/thompson/j.htm
J1250,Clever verbal,https://www.ruthenia.ru/folklore/thompson/j.htm
J1260,Repartee based on,https://www.ruthenia.ru/folklore/thompson/j.htm
J1270,Repartee,https://www.ruthenia.ru/folklore/thompson/j.htm
J1280,Repartee with,https://www.ruthenia.ru/folklore/thompson/j.htm
J1290,Reductio ad,https://www.ruthenia.ru/folklore/thompson/j.htm
J1300,Officiousness or,https://www.ruthenia.ru/folklore/thompson/j.htm
J1310,Repartee,https://www.ruthenia.ru/folklore/thompson/j.htm
J1320,Repartee,https://www.ruthenia.ru/folklore/thompson/j.htm
J1330,Repartee,https://www.ruthenia.ru/folklore/thompson/j.htm
J1340,Retorts from,https://www.ruthenia.ru/folklore/thompson/j.htm
J1350,Rude retorts,https://www.ruthenia.ru/folklore/thompson/j.htm
J1370,Cynical retorts,https://www.ruthenia.ru/folklore/thompson/j.htm
J1380,Retorts,https://www.ruthenia.ru/folklore/thompson/j.htm
J1390,Retorts,https://www.ruthenia.ru/folklore/thompson/j.htm
J1400,Repartee,https://www.ruthenia.ru/folklore/thompson/j.htm
J1410,Repartee,https://www.ruthenia.ru/folklore/thompson/j.htm
J1420,Animals retort,https://www.ruthenia.ru/folklore/thompson/j.htm
J1430,Repartee,https://www.ruthenia.ru/folklore/thompson/j.htm
J1500,Clever practical,https://www.ruthenia.ru/folklore/thompson/j.htm
J1510,The cheater,https://www.ruthenia.ru/folklore/thompson/j.htm
J1530,One absurdity,https://www.ruthenia.ru/folklore/thompson/j.htm
J1540,Retorts between,https://www.ruthenia.ru/folklore/thompson/j.htm
J1550,Practical,https://www.ruthenia.ru/folklore/thompson/j.htm
J1560,Practical,https://www.ruthenia.ru/folklore/thompson/j.htm
J1580,Practical retorts,https://www.ruthenia.ru/folklore/thompson/j.htm
J1600,Practical,https://www.ruthenia.ru/folklore/thompson/j.htm
J1750,One animal,https://www.ruthenia.ru/folklore/thompson/j.htm
J1760,Animal or person,https://www.ruthenia.ru/folklore/thompson/j.htm
J1770,Objects with,https://www.ruthenia.ru/folklore/thompson/j.htm
J1780,Things thought to,https://www.ruthenia.ru/folklore/thompson/j.htm
J1790,Shadow mistaken,https://www.ruthenia.ru/folklore/thompson/j.htm
J1800,One thing,https://www.ruthenia.ru/folklore/thompson/j.htm
J1810,Physical,https://www.ruthenia.ru/folklore/thompson/j.htm
J1820,Inappropriate,https://www.ruthenia.ru/folklore/thompson/j.htm
J1850,Gift or sale to,https://www.ruthenia.ru/folklore/thompson/j.htm
J1860,Animal or object,https://www.ruthenia.ru/folklore/thompson/j.htm
J1870,Absurd sympathy,https://www.ruthenia.ru/folklore/thompson/j.htm
J1880,Animals or,https://www.ruthenia.ru/folklore/thompson/j.htm
J1900,Absurd disregard,https://www.ruthenia.ru/folklore/thompson/j.htm
J1910,Fatal disregard,https://www.ruthenia.ru/folklore/thompson/j.htm
J1920,Absurd searches,https://www.ruthenia.ru/folklore/thompson/j.htm
J1930,Absurd disregard,https://www.ruthenia.ru/folklore/thompson/j.htm
J1960,Other absurd,https://www.ruthenia.ru/folklore/thompson/j.htm
J2010,Uncertainty about,https://www.ruthenia.ru/folklore/thompson/j.htm
J2020,Inability to find,https://www.ruthenia.ru/folklore/thompson/j.htm
J2030,Absurd inability,https://www.ruthenia.ru/folklore/thompson/j.htm
J2040,Absurd,https://www.ruthenia.ru/folklore/thompson/j.htm
J2050,Absurd,https://www.ruthenia.ru/folklore/thompson/j.htm
J2060,Absurd plans: air,https://www.ruthenia.ru/folklore/thompson/j.htm
J2070,Absurd wishes,https://www.ruthenia.ru/folklore/thompson/j.htm
J2080,Foolish bargains,https://www.ruthenia.ru/folklore/thompson/j.htm
J2100,Remedies worse,https://www.ruthenia.ru/folklore/thompson/j.htm
J2120,Disregard of,https://www.ruthenia.ru/folklore/thompson/j.htm
J2130,Foolish disregard,https://www.ruthenia.ru/folklore/thompson/j.htm
J2160,Other,https://www.ruthenia.ru/folklore/thompson/j.htm
J2200,Absurd lack of,https://www.ruthenia.ru/folklore/thompson/j.htm
J2210,Logical absurdity,https://www.ruthenia.ru/folklore/thompson/j.htm
J2220,Other logical,https://www.ruthenia.ru/folklore/thompson/j.htm
J2260,Absurd scientific,https://www.ruthenia.ru/folklore/thompson/j.htm
J2270,Absurd,https://www.ruthenia.ru/folklore/thompson/j.htm
J2280,Other absurd,https://www.ruthenia.ru/folklore/thompson/j.htm
J2310,Nature of,https://www.ruthenia.ru/folklore/thompson/j.htm
J2410,Types of foolish,https://www.ruthenia.ru/folklore/thompson/j.htm
J2420,Foolish,https://www.ruthenia.ru/folklore/thompson/j.htm
J2450,Literal fool,https://www.ruthenia.ru/folklore/thompson/j.htm
J2460,Literal obedience,https://www.ruthenia.ru/folklore/thompson/j.htm
J2470,Metaphors literally,https://www.ruthenia.ru/folklore/thompson/j.htm
J2490,Literal,https://www.ruthenia.ru/folklore/thompson/j.htm
J0,Acquisition and,https://www.ruthenia.ru/folklore/thompson/j.htm
J10,Wisdom (knowledge),https://www.ruthenia.ru/folklore/thompson/j.htm
J30,Wisdom (knowledge),https://www.ruthenia.ru/folklore/thompson/j.htm
J50,Wisdom (knowledge),https://www.ruthenia.ru/folklore/thompson/j.htm
J80,Wisdom (knowledge),https://www.ruthenia.ru/folklore/thompson/j.htm
J100,Wisdom (knowledge),https://www.ruthenia.ru/folklore/thompson/j.htm
J120,Wisdom learned,https://www.ruthenia.ru/folklore/thompson/j.htm
J130,Wisdom (knowledge),https://www.ruthenia.ru/folklore/thompson/j.htm
J140,Wisdom (knowledge),https://www.ruthenia.ru/folklore/thompson/j.htm
J150,Other means of,https://www.ruthenia.ru/folklore/thompson/j.htm
J200,Choices.,https://www.ruthenia.ru/folklore/thompson/j.htm
J210,Choice between,https://www.ruthenia.ru/folklore/thompson/j.htm
J230,Choice: real and,https://www.ruthenia.ru/folklore/thompson/j.htm
F171.2,Broad and narrow roads in otherworld.,https://www.ruthenia.ru/folklore/thompson/j.htm
J240,Choice between,https://www.ruthenia.ru/folklore/thompson/j.htm
J260,Choice between,https://www.ruthenia.ru/folklore/thompson/j.htm
J280,Quality preferred,https://www.ruthenia.ru/folklore/thompson/j.htm
J310,The present,https://www.ruthenia.ru/folklore/thompson/j.htm
J320,Present values,https://www.ruthenia.ru/folklore/thompson/j.htm
J340,Choices: little,https://www.ruthenia.ru/folklore/thompson/j.htm
J370,Choices: important,https://www.ruthenia.ru/folklore/thompson/j.htm
J390,Choices: kind,https://www.ruthenia.ru/folklore/thompson/j.htm
J400,Choice of,https://www.ruthenia.ru/folklore/thompson/j.htm
J410,Association of,https://www.ruthenia.ru/folklore/thompson/j.htm
J952.1,Presumptuous,https://www.ruthenia.ru/folklore/thompson/j.htm
J420,Association of,https://www.ruthenia.ru/folklore/thompson/j.htm
J440,Association of,https://www.ruthenia.ru/folklore/thompson/j.htm
J450,Association of the,https://www.ruthenia.ru/folklore/thompson/j.htm
J460,Unnecessary,https://www.ruthenia.ru/folklore/thompson/j.htm
J480,Other choices.,https://www.ruthenia.ru/folklore/thompson/j.htm
J510,Prudence in,https://www.ruthenia.ru/folklore/thompson/j.htm
J530,Prudence in,https://www.ruthenia.ru/folklore/thompson/j.htm
J550,Zeal--temperate,https://www.ruthenia.ru/folklore/thompson/j.htm
J570,Wisdom of,https://www.ruthenia.ru/folklore/thompson/j.htm
J580,Wisdom of caution.,https://www.ruthenia.ru/folklore/thompson/j.htm
J610,Forethought in,https://www.ruthenia.ru/folklore/thompson/j.htm
J620,Forethought in,https://www.ruthenia.ru/folklore/thompson/j.htm
J640,Avoidance of,https://www.ruthenia.ru/folklore/thompson/j.htm
J670,Forethought in,https://www.ruthenia.ru/folklore/thompson/j.htm
J680,Forethought in,https://www.ruthenia.ru/folklore/thompson/j.htm
J700,Forethought in,https://www.ruthenia.ru/folklore/thompson/j.htm
J710,Forethought in,https://www.ruthenia.ru/folklore/thompson/j.htm
J740,Forethought in,https://www.ruthenia.ru/folklore/thompson/j.htm
J751,Consider,https://www.ruthenia.ru/folklore/thompson/j.htm
J810,Policy in dealing,https://www.ruthenia.ru/folklore/thompson/j.htm
J830,Adaptability to,https://www.ruthenia.ru/folklore/thompson/j.htm
J860,Consolation by a,https://www.ruthenia.ru/folklore/thompson/j.htm
J870,Consolation by,https://www.ruthenia.ru/folklore/thompson/j.htm
J880,Consolation by,https://www.ruthenia.ru/folklore/thompson/j.htm
J890,Consolation in,https://www.ruthenia.ru/folklore/thompson/j.htm
J900,Humility.,https://www.ruthenia.ru/folklore/thompson/j.htm
J910,Humility of the,https://www.ruthenia.ru/folklore/thompson/j.htm
J950,Presumption of the,https://www.ruthenia.ru/folklore/thompson/j.htm
J1010,Value of,https://www.ruthenia.ru/folklore/thompson/j.htm
J1020,Strength in,https://www.ruthenia.ru/folklore/thompson/j.htm
J1030,Self-dependence.,https://www.ruthenia.ru/folklore/thompson/j.htm
J1040,Decisiveness of,https://www.ruthenia.ru/folklore/thompson/j.htm
J1050,Attention to,https://www.ruthenia.ru/folklore/thompson/j.htm
J1060,Miscellaneous,https://www.ruthenia.ru/folklore/thompson/j.htm
J1074.1.1,Philosopher,https://www.ruthenia.ru/folklore/thompson/j.htm
J1100,Cleverness.,https://www.ruthenia.ru/folklore/thompson/j.htm
J1110,Clever persons.,https://www.ruthenia.ru/folklore/thompson/j.htm
J1130,Cleverness in law,https://www.ruthenia.ru/folklore/thompson/j.htm
J1140,Cleverness in,https://www.ruthenia.ru/folklore/thompson/j.htm
J1150,Cleverness,https://www.ruthenia.ru/folklore/thompson/j.htm
J1160,Clever pleading.,https://www.ruthenia.ru/folklore/thompson/j.htm
J1180,Clever means of,https://www.ruthenia.ru/folklore/thompson/j.htm
J1190,Cleverness in the,https://www.ruthenia.ru/folklore/thompson/j.htm
J1210,Clever man puts,https://www.ruthenia.ru/folklore/thompson/j.htm
J1224,Poet puts others,https://www.ruthenia.ru/folklore/thompson/j.htm
J1230,Clever dividing.,https://www.ruthenia.ru/folklore/thompson/j.htm
J1250,Clever verbal,https://www.ruthenia.ru/folklore/thompson/j.htm
J1260,Repartee based on,https://www.ruthenia.ru/folklore/thompson/j.htm
J1270,Repartee,https://www.ruthenia.ru/folklore/thompson/j.htm
J1280,Repartee with,https://www.ruthenia.ru/folklore/thompson/j.htm
J1290,Reductio ad,https://www.ruthenia.ru/folklore/thompson/j.htm
J1300,Officiousness or,https://www.ruthenia.ru/folklore/thompson/j.htm
J1310,Repartee,https://www.ruthenia.ru/folklore/thompson/j.htm
J1320,Repartee,https://www.ruthenia.ru/folklore/thompson/j.htm
J1330,Repartee,https://www.ruthenia.ru/folklore/thompson/j.htm
J1340,Retorts from,https://www.ruthenia.ru/folklore/thompson/j.htm
J1350,Rude retorts.,https://www.ruthenia.ru/folklore/thompson/j.htm
J1370,Cynical retorts,https://www.ruthenia.ru/folklore/thompson/j.htm
J1380,Retorts,https://www.ruthenia.ru/folklore/thompson/j.htm
J1390,Retorts,https://www.ruthenia.ru/folklore/thompson/j.htm
J1400,Repartee,https://www.ruthenia.ru/folklore/thompson/j.htm
J1410,Repartee,https://www.ruthenia.ru/folklore/thompson/j.htm
J1420,Animals retort,https://www.ruthenia.ru/folklore/thompson/j.htm
J1430,Repartee,https://www.ruthenia.ru/folklore/thompson/j.htm
J1500,Clever practical,https://www.ruthenia.ru/folklore/thompson/j.htm
J1510,The cheater,https://www.ruthenia.ru/folklore/thompson/j.htm
J1530,One absurdity,https://www.ruthenia.ru/folklore/thompson/j.htm
J1540,Retorts between,https://www.ruthenia.ru/folklore/thompson/j.htm
J1550,Practical,https://www.ruthenia.ru/folklore/thompson/j.htm
J1560,Practical,https://www.ruthenia.ru/folklore/thompson/j.htm
J1580,Practical retorts,https://www.ruthenia.ru/folklore/thompson/j.htm
J1600,Practical,https://www.ruthenia.ru/folklore/thompson/j.htm
J1700,Fools.,https://www.ruthenia.ru/folklore/thompson/j.htm
J1710,Association with,https://www.ruthenia.ru/folklore/thompson/j.htm
J1730,Absurd ignorance.,https://www.ruthenia.ru/folklore/thompson/j.htm
J1750,One animal,https://www.ruthenia.ru/folklore/thompson/j.htm
J1760,Animal or person,https://www.ruthenia.ru/folklore/thompson/j.htm
J1770,Objects with,https://www.ruthenia.ru/folklore/thompson/j.htm
J1780,Things thought to,https://www.ruthenia.ru/folklore/thompson/j.htm
J1790,Shadow mistaken,https://www.ruthenia.ru/folklore/thompson/j.htm
J1800,One thing,https://www.ruthenia.ru/folklore/thompson/j.htm
J1810,Physical,https://www.ruthenia.ru/folklore/thompson/j.htm
J1820,Inappropriate,https://www.ruthenia.ru/folklore/thompson/j.htm
J1850,Gift or sale to,https://www.ruthenia.ru/folklore/thompson/j.htm
J1860,Animal or object,https://www.ruthenia.ru/folklore/thompson/j.htm
J1870,Absurd sympathy,https://www.ruthenia.ru/folklore/thompson/j.htm
J1880,Animals or,https://www.ruthenia.ru/folklore/thompson/j.htm
J1900,Absurd disregard,https://www.ruthenia.ru/folklore/thompson/j.htm
J1910,Fatal disregard,https://www.ruthenia.ru/folklore/thompson/j.htm
J1920,Absurd searches,https://www.ruthenia.ru/folklore/thompson/j.htm
J1930,Absurd disregard,https://www.ruthenia.ru/folklore/thompson/j.htm
J1960,Other absurd,https://www.ruthenia.ru/folklore/thompson/j.htm
J2010,Uncertainty about,https://www.ruthenia.ru/folklore/thompson/j.htm
J2020,Inability to find,https://www.ruthenia.ru/folklore/thompson/j.htm
J2030,Absurd inability,https://www.ruthenia.ru/folklore/thompson/j.htm
J2040,Absurd,https://www.ruthenia.ru/folklore/thompson/j.htm
J2050,Absurd,https://www.ruthenia.ru/folklore/thompson/j.htm
J2060,Absurd plans.,https://www.ruthenia.ru/folklore/thompson/j.htm
J2070,Absurd wishes.,https://www.ruthenia.ru/folklore/thompson/j.htm
J2080,Foolish bargains.,https://www.ruthenia.ru/folklore/thompson/j.htm
J2100,Remedies worse,https://www.ruthenia.ru/folklore/thompson/j.htm
J2120,Disregard of,https://www.ruthenia.ru/folklore/thompson/j.htm
J2130,Foolish disregard,https://www.ruthenia.ru/folklore/thompson/j.htm
J2160,Other,https://www.ruthenia.ru/folklore/thompson/j.htm
J2200,Absurd lack of,https://www.ruthenia.ru/folklore/thompson/j.htm
J2210,Logical absurdity,https://www.ruthenia.ru/folklore/thompson/j.htm
J2220,Other logical,https://www.ruthenia.ru/folklore/thompson/j.htm
J2260,Absurd scientific,https://www.ruthenia.ru/folklore/thompson/j.htm
J2270,Absurd,https://www.ruthenia.ru/folklore/thompson/j.htm
J2280,Other absurd,https://www.ruthenia.ru/folklore/thompson/j.htm
J2300,Gullible fools.,https://www.ruthenia.ru/folklore/thompson/j.htm
J2310,Nature of,https://www.ruthenia.ru/folklore/thompson/j.htm
J2370,Inquisitive fool.,https://www.ruthenia.ru/folklore/thompson/j.htm
J2400,Foolish imitation.,https://www.ruthenia.ru/folklore/thompson/j.htm
J2400,Foolish,https://www.ruthenia.ru/folklore/thompson/j.htm
J2410,Types of foolish,https://www.ruthenia.ru/folklore/thompson/j.htm
J2420,Foolish,https://www.ruthenia.ru/folklore/thompson/j.htm
J2450,Literal fool.,https://www.ruthenia.ru/folklore/thompson/j.htm
J2460,Literal,https://www.ruthenia.ru/folklore/thompson/j.htm
J2470,Metaphors,https://www.ruthenia.ru/folklore/thompson/j.htm
J2490,Literal,https://www.ruthenia.ru/folklore/thompson/j.htm
J2600,Cowardly fool.,https://www.ruthenia.ru/folklore/thompson/j.htm
J2650,Bungling fool.,https://www.ruthenia.ru/folklore/thompson/j.htm
J2700,The easy problem,https://www.ruthenia.ru/folklore/thompson/j.htm
K0,Contest won by,https://www.ruthenia.ru/folklore/thompson/k.htm
K10,Athletic contest,https://www.ruthenia.ru/folklore/thompson/k.htm
K30,Hunting contest won,https://www.ruthenia.ru/folklore/thompson/k.htm
K40,Labor contest won,https://www.ruthenia.ru/folklore/thompson/k.htm
K50,Endurance contest,https://www.ruthenia.ru/folklore/thompson/k.htm
K60,Absurd contest won,https://www.ruthenia.ru/folklore/thompson/k.htm
K70,Contest in strength,https://www.ruthenia.ru/folklore/thompson/k.htm
K80,Contests in other,https://www.ruthenia.ru/folklore/thompson/k.htm
K90,Other contests won,https://www.ruthenia.ru/folklore/thompson/k.htm
K100,Deceptive bargain,https://www.ruthenia.ru/folklore/thompson/k.htm
K110,Sale of,https://www.ruthenia.ru/folklore/thompson/k.htm
K120,Sale of false,https://www.ruthenia.ru/folklore/thompson/k.htm
K130,Sale of worthless,https://www.ruthenia.ru/folklore/thompson/k.htm
K140,Sale of other,https://www.ruthenia.ru/folklore/thompson/k.htm
K150,Sale of worthless,https://www.ruthenia.ru/folklore/thompson/k.htm
K170,Deception through,https://www.ruthenia.ru/folklore/thompson/k.htm
K200,Deception in,https://www.ruthenia.ru/folklore/thompson/k.htm
K210,Devil cheated of,https://www.ruthenia.ru/folklore/thompson/k.htm
K220,Payment precluded,https://www.ruthenia.ru/folklore/thompson/k.htm
K230,Other deceptions,https://www.ruthenia.ru/folklore/thompson/k.htm
K250,Other deceptive,https://www.ruthenia.ru/folklore/thompson/k.htm
K300,Thefts and,https://www.ruthenia.ru/folklore/thompson/k.htm
K310,Means of entering,https://www.ruthenia.ru/folklore/thompson/k.htm
K330,Means of,https://www.ruthenia.ru/folklore/thompson/k.htm
K360,Other means of,https://www.ruthenia.ru/folklore/thompson/k.htm
K400,Thief escapes,https://www.ruthenia.ru/folklore/thompson/k.htm
K420,Thief loses his,https://www.ruthenia.ru/folklore/thompson/k.htm
K500,Escape from death,https://www.ruthenia.ru/folklore/thompson/k.htm
K510,Death order evaded,https://www.ruthenia.ru/folklore/thompson/k.htm
K520,Death escaped,https://www.ruthenia.ru/folklore/thompson/k.htm
K540,Escape by overawing,https://www.ruthenia.ru/folklore/thompson/k.htm
K550,Escape by false,https://www.ruthenia.ru/folklore/thompson/k.htm
K580,Captor persuaded,https://www.ruthenia.ru/folklore/thompson/k.htm
K600,Murderer or captor,https://www.ruthenia.ru/folklore/thompson/k.htm
K620,Escape by,https://www.ruthenia.ru/folklore/thompson/k.htm
K630,Escape by,https://www.ruthenia.ru/folklore/thompson/k.htm
K640,Escape by help of,https://www.ruthenia.ru/folklore/thompson/k.htm
K650,Other means of,https://www.ruthenia.ru/folklore/thompson/k.htm
K700,Capture by,https://www.ruthenia.ru/folklore/thompson/k.htm
K710,Victim enticed,https://www.ruthenia.ru/folklore/thompson/k.htm
K730,Victim trapped,https://www.ruthenia.ru/folklore/thompson/k.htm
K750,Capture by decoy,https://www.ruthenia.ru/folklore/thompson/k.htm
K770,Other deceptive,https://www.ruthenia.ru/folklore/thompson/k.htm
K800,Fatal deception,https://www.ruthenia.ru/folklore/thompson/k.htm
K810,Fatal deception,https://www.ruthenia.ru/folklore/thompson/k.htm
K840,Deception into,https://www.ruthenia.ru/folklore/thompson/k.htm
K850,Fatal deceptive,https://www.ruthenia.ru/folklore/thompson/k.htm
K870,Fatal deception by,https://www.ruthenia.ru/folklore/thompson/k.htm
K890,Dupe tricked into,https://www.ruthenia.ru/folklore/thompson/k.htm
K910,Murder by strategy,https://www.ruthenia.ru/folklore/thompson/k.htm
K930,Treacherous murder,https://www.ruthenia.ru/folklore/thompson/k.htm
K940,Deception into,https://www.ruthenia.ru/folklore/thompson/k.htm
K950,Various kinds of,https://www.ruthenia.ru/folklore/thompson/k.htm
K960,Other fatal,https://www.ruthenia.ru/folklore/thompson/k.htm
K1000,Deception into,https://www.ruthenia.ru/folklore/thompson/k.htm
K1010,Deception through,https://www.ruthenia.ru/folklore/thompson/k.htm
K1020,Deception into,https://www.ruthenia.ru/folklore/thompson/k.htm
K1040,Dupe otherwise,https://www.ruthenia.ru/folklore/thompson/k.htm
K1080,Persons duped,https://www.ruthenia.ru/folklore/thompson/k.htm
K1110,Deceptions into,https://www.ruthenia.ru/folklore/thompson/k.htm
K1200,Deception into,https://www.ruthenia.ru/folklore/thompson/k.htm
K1210,Humiliated or,https://www.ruthenia.ru/folklore/thompson/k.htm
K1240,Deception into,https://www.ruthenia.ru/folklore/thompson/k.htm
K1300,Seduction,https://www.ruthenia.ru/folklore/thompson/k.htm
K1310,Seduction by,https://www.ruthenia.ru/folklore/thompson/k.htm
K1330,Girl tricked into,https://www.ruthenia.ru/folklore/thompson/k.htm
K1340,Entrance into,https://www.ruthenia.ru/folklore/thompson/k.htm
K1350,Woman persuaded,https://www.ruthenia.ru/folklore/thompson/k.htm
K1400,Dupe‘s property destroyed,https://www.ruthenia.ru/folklore/thompson/k.htm
K1410,Dupe’s goods destroyed,https://www.ruthenia.ru/folklore/thompson/k.htm
K1440,Dupe‘s animals destroyed or maimed,https://www.ruthenia.ru/folklore/thompson/k.htm
K1460,Members of dupe’s family killed,https://www.ruthenia.ru/folklore/thompson/k.htm
K1500,Deception,https://www.ruthenia.ru/folklore/thompson/k.htm
K1510,Adulteress,https://www.ruthenia.ru/folklore/thompson/k.htm
K1550,Husband outwits,https://www.ruthenia.ru/folklore/thompson/k.htm
K1570,Trickster outwits,https://www.ruthenia.ru/folklore/thompson/k.htm
K1580,Other deceits,https://www.ruthenia.ru/folklore/thompson/k.htm
K1600,Deceiver falls,https://www.ruthenia.ru/folklore/thompson/k.htm
K1610,Deceiver falls,https://www.ruthenia.ru/folklore/thompson/k.htm
K1700,Deception through,https://www.ruthenia.ru/folklore/thompson/k.htm
K1710,Ogre (large,https://www.ruthenia.ru/folklore/thompson/k.htm
K1760,Other bluffs,https://www.ruthenia.ru/folklore/thompson/k.htm
K1800,Deception by,https://www.ruthenia.ru/folklore/thompson/k.htm
K1810,Deception by disguise,https://www.ruthenia.ru/folklore/thompson/k.htm
K1840,Deception by,https://www.ruthenia.ru/folklore/thompson/k.htm
K1860,Deception by,https://www.ruthenia.ru/folklore/thompson/k.htm
K1870,Illusions,https://www.ruthenia.ru/folklore/thompson/k.htm
K1900,Impostures,https://www.ruthenia.ru/folklore/thompson/k.htm
K1910,Marital,https://www.ruthenia.ru/folklore/thompson/k.htm
K1920,Substituted,https://www.ruthenia.ru/folklore/thompson/k.htm
K1930,Treacherous,https://www.ruthenia.ru/folklore/thompson/k.htm
K1950,Sham prowess,https://www.ruthenia.ru/folklore/thompson/k.htm
K1970,Sham miracles,https://www.ruthenia.ru/folklore/thompson/k.htm
K1980,Other impostures,https://www.ruthenia.ru/folklore/thompson/k.htm
K2000,Hypocrites,https://www.ruthenia.ru/folklore/thompson/k.htm
K2010,Hypocrite,https://www.ruthenia.ru/folklore/thompson/k.htm
K2030,Double dealers,https://www.ruthenia.ru/folklore/thompson/k.htm
K2050,Pretended virtue,https://www.ruthenia.ru/folklore/thompson/k.htm
K2060,Detection of,https://www.ruthenia.ru/folklore/thompson/k.htm
K2100,False accusations,https://www.ruthenia.ru/folklore/thompson/k.htm
K2110,Slanders,https://www.ruthenia.ru/folklore/thompson/k.htm
K2130,Trouble-makers,https://www.ruthenia.ru/folklore/thompson/k.htm
K2150,Innocent made to,https://www.ruthenia.ru/folklore/thompson/k.htm
K2200,Villains and,https://www.ruthenia.ru/folklore/thompson/k.htm
K2210,Treacherous,https://www.ruthenia.ru/folklore/thompson/k.htm
K2220,Treacherous,https://www.ruthenia.ru/folklore/thompson/k.htm
K2230,Treacherous,https://www.ruthenia.ru/folklore/thompson/k.htm
K2240,Treacherous,https://www.ruthenia.ru/folklore/thompson/k.htm
K2250,Treacherous,https://www.ruthenia.ru/folklore/thompson/k.htm
K2260,Dark traitors,https://www.ruthenia.ru/folklore/thompson/k.htm
K2270,Deformed villains,https://www.ruthenia.ru/folklore/thompson/k.htm
K2280,Treacherous,https://www.ruthenia.ru/folklore/thompson/k.htm
K2290,Other villains,https://www.ruthenia.ru/folklore/thompson/k.htm
K2300,Other deceptions,https://www.ruthenia.ru/folklore/thompson/k.htm
K2310,Deception by,https://www.ruthenia.ru/folklore/thompson/k.htm
K2320,Deception by,https://www.ruthenia.ru/folklore/thompson/k.htm
K2350,Military strategy,https://www.ruthenia.ru/folklore/thompson/k.htm
K2370,Miscellaneous,https://www.ruthenia.ru/folklore/thompson/k.htm
K0,Contest won by,https://www.ruthenia.ru/folklore/thompson/k.htm
K10,Athletic contest,https://www.ruthenia.ru/folklore/thompson/k.htm
K30,Hunting contest won,https://www.ruthenia.ru/folklore/thompson/k.htm
K40,Labor contest won,https://www.ruthenia.ru/folklore/thompson/k.htm
K50,Endurance contest,https://www.ruthenia.ru/folklore/thompson/k.htm
K60,Absurd contest won,https://www.ruthenia.ru/folklore/thompson/k.htm
K70,Contest in strength,https://www.ruthenia.ru/folklore/thompson/k.htm
K80,Contests in other,https://www.ruthenia.ru/folklore/thompson/k.htm
K90,Other contests won,https://www.ruthenia.ru/folklore/thompson/k.htm
K100,Deceptive,https://www.ruthenia.ru/folklore/thompson/k.htm
K110,Sale of,https://www.ruthenia.ru/folklore/thompson/k.htm
K120,Sale of false,https://www.ruthenia.ru/folklore/thompson/k.htm
K130,Sale of worthless,https://www.ruthenia.ru/folklore/thompson/k.htm
K140,Sale of other,https://www.ruthenia.ru/folklore/thompson/k.htm
K150,Sale of worthless,https://www.ruthenia.ru/folklore/thompson/k.htm
K170,Deception through,https://www.ruthenia.ru/folklore/thompson/k.htm
C57.1.1,Tabu: fraudulent sacrifice.,https://www.ruthenia.ru/folklore/thompson/k.htm
K210,Devil cheated of,https://www.ruthenia.ru/folklore/thompson/k.htm
K220,Payment precluded,https://www.ruthenia.ru/folklore/thompson/k.htm
K230,Other deceptions,https://www.ruthenia.ru/folklore/thompson/k.htm
K250,Other deceptive,https://www.ruthenia.ru/folklore/thompson/k.htm
K1867,Trickster shams,https://www.ruthenia.ru/folklore/thompson/k.htm
K300,Thefts and,https://www.ruthenia.ru/folklore/thompson/k.htm
K310,Means of entering,https://www.ruthenia.ru/folklore/thompson/k.htm
K1836,Disguise of man,https://www.ruthenia.ru/folklore/thompson/k.htm
K330,Means of,https://www.ruthenia.ru/folklore/thompson/k.htm
K360,Other means of,https://www.ruthenia.ru/folklore/thompson/k.htm
K400,Thief escapes,https://www.ruthenia.ru/folklore/thompson/k.htm
K420,Thief loses his,https://www.ruthenia.ru/folklore/thompson/k.htm
K440,Other cheats.,https://www.ruthenia.ru/folklore/thompson/k.htm
K500,Escape from death,https://www.ruthenia.ru/folklore/thompson/k.htm
K510,Death order,https://www.ruthenia.ru/folklore/thompson/k.htm
K520,Death escaped,https://www.ruthenia.ru/folklore/thompson/k.htm
K540,Escape by,https://www.ruthenia.ru/folklore/thompson/k.htm
K550,Escape by false,https://www.ruthenia.ru/folklore/thompson/k.htm
K580,Captor persuaded,https://www.ruthenia.ru/folklore/thompson/k.htm
K600,Murderer or captor,https://www.ruthenia.ru/folklore/thompson/k.htm
K620,Escape by deceiving,https://www.ruthenia.ru/folklore/thompson/k.htm
K630,Escape by,https://www.ruthenia.ru/folklore/thompson/k.htm
K640,Escape by help of,https://www.ruthenia.ru/folklore/thompson/k.htm
K650,Other means of,https://www.ruthenia.ru/folklore/thompson/k.htm
K700,Capture by,https://www.ruthenia.ru/folklore/thompson/k.htm
K710,Victim enticed,https://www.ruthenia.ru/folklore/thompson/k.htm
K730,Victim trapped.,https://www.ruthenia.ru/folklore/thompson/k.htm
K750,Capture by decoy.,https://www.ruthenia.ru/folklore/thompson/k.htm
K770,Other deceptive,https://www.ruthenia.ru/folklore/thompson/k.htm
K800,Killing or maiming,https://www.ruthenia.ru/folklore/thompson/k.htm
K810,Fatal deception,https://www.ruthenia.ru/folklore/thompson/k.htm
K840,Deception into,https://www.ruthenia.ru/folklore/thompson/k.htm
K850,Fatal deceptive,https://www.ruthenia.ru/folklore/thompson/k.htm
K870,Fatal deception by,https://www.ruthenia.ru/folklore/thompson/k.htm
K890,Dupe tricked into,https://www.ruthenia.ru/folklore/thompson/k.htm
K910,Murder by,https://www.ruthenia.ru/folklore/thompson/k.htm
K930,Treacherous murder,https://www.ruthenia.ru/folklore/thompson/k.htm
K940,Deception into,https://www.ruthenia.ru/folklore/thompson/k.htm
K950,Various kinds of,https://www.ruthenia.ru/folklore/thompson/k.htm
K960,Other fatal,https://www.ruthenia.ru/folklore/thompson/k.htm
K1000,Deception into,https://www.ruthenia.ru/folklore/thompson/k.htm
K1010,Deception through,https://www.ruthenia.ru/folklore/thompson/k.htm
K1020,Deception into,https://www.ruthenia.ru/folklore/thompson/k.htm
K1040,Dupe otherwise,https://www.ruthenia.ru/folklore/thompson/k.htm
K1080,Persons duped,https://www.ruthenia.ru/folklore/thompson/k.htm
K1110,Deceptions into,https://www.ruthenia.ru/folklore/thompson/k.htm
K1200,Deception into,https://www.ruthenia.ru/folklore/thompson/k.htm
K1210,Humiliated or,https://www.ruthenia.ru/folklore/thompson/k.htm
K1240,Deception into,https://www.ruthenia.ru/folklore/thompson/k.htm
K1300,Seduction.,https://www.ruthenia.ru/folklore/thompson/k.htm
K1310,Seduction by,https://www.ruthenia.ru/folklore/thompson/k.htm
K1330,Girl tricked into,https://www.ruthenia.ru/folklore/thompson/k.htm
K1340,Entrance into,https://www.ruthenia.ru/folklore/thompson/k.htm
K1350,Woman persuaded,https://www.ruthenia.ru/folklore/thompson/k.htm
K1380,Seductions--miscellaneous.,https://www.ruthenia.ru/folklore/thompson/k.htm
K1400,Dupe‘s property destroyed.,https://www.ruthenia.ru/folklore/thompson/k.htm
K1410,Dupe’s goods destroyed.,https://www.ruthenia.ru/folklore/thompson/k.htm
K1440,Dupe‘s animals destroyed or maimed.,https://www.ruthenia.ru/folklore/thompson/k.htm
K1460,Members of dupe’s family killed.,https://www.ruthenia.ru/folklore/thompson/k.htm
K1500,Deception,https://www.ruthenia.ru/folklore/thompson/k.htm
K1510,Adulteress,https://www.ruthenia.ru/folklore/thompson/k.htm
K1550,Husband outwits,https://www.ruthenia.ru/folklore/thompson/k.htm
K1570,Trickster outwits,https://www.ruthenia.ru/folklore/thompson/k.htm
K1580,Other deceits,https://www.ruthenia.ru/folklore/thompson/k.htm
K1600,Deceiver falls into,https://www.ruthenia.ru/folklore/thompson/k.htm
K1610,Deceiver falls,https://www.ruthenia.ru/folklore/thompson/k.htm
K1700,Deception through,https://www.ruthenia.ru/folklore/thompson/k.htm
K1710,Ogre (large,https://www.ruthenia.ru/folklore/thompson/k.htm
K1760,Other bluffs.,https://www.ruthenia.ru/folklore/thompson/k.htm
K1800,Deception by,https://www.ruthenia.ru/folklore/thompson/k.htm
K1810,Deception by,https://www.ruthenia.ru/folklore/thompson/k.htm
K1840,Deception by,https://www.ruthenia.ru/folklore/thompson/k.htm
K1860,Deception by,https://www.ruthenia.ru/folklore/thompson/k.htm
K1870,Illusions.,https://www.ruthenia.ru/folklore/thompson/k.htm
K1890,Other deceptions,https://www.ruthenia.ru/folklore/thompson/k.htm
K1900,Impostures.,https://www.ruthenia.ru/folklore/thompson/k.htm
K1910,Marital,https://www.ruthenia.ru/folklore/thompson/k.htm
K1920,Substituted,https://www.ruthenia.ru/folklore/thompson/k.htm
K1930,Treacherous,https://www.ruthenia.ru/folklore/thompson/k.htm
K1950,Sham prowess.,https://www.ruthenia.ru/folklore/thompson/k.htm
K1970,Sham miracles.,https://www.ruthenia.ru/folklore/thompson/k.htm
K1980,Other impostures.,https://www.ruthenia.ru/folklore/thompson/k.htm
K2165,Sham blind man,https://www.ruthenia.ru/folklore/thompson/k.htm
K2000,Hypocrites.,https://www.ruthenia.ru/folklore/thompson/k.htm
K2010,Hypocrite,https://www.ruthenia.ru/folklore/thompson/k.htm
K2030,Double dealers.,https://www.ruthenia.ru/folklore/thompson/k.htm
K2050,Pretended virtue.,https://www.ruthenia.ru/folklore/thompson/k.htm
K1912,The false,https://www.ruthenia.ru/folklore/thompson/k.htm
K2060,Detection of,https://www.ruthenia.ru/folklore/thompson/k.htm
K2090,Other,https://www.ruthenia.ru/folklore/thompson/k.htm
K2100,False accusation.,https://www.ruthenia.ru/folklore/thompson/k.htm
K2110,Slanders.,https://www.ruthenia.ru/folklore/thompson/k.htm
K2130,Trouble-makers.,https://www.ruthenia.ru/folklore/thompson/k.htm
K2150,Innocent made to,https://www.ruthenia.ru/folklore/thompson/k.htm
K2200,Villains and,https://www.ruthenia.ru/folklore/thompson/k.htm
K2210,Treacherous,https://www.ruthenia.ru/folklore/thompson/k.htm
K2220,Treacherous,https://www.ruthenia.ru/folklore/thompson/k.htm
K2230,Treacherous,https://www.ruthenia.ru/folklore/thompson/k.htm
K2240,Treacherous,https://www.ruthenia.ru/folklore/thompson/k.htm
K2250,Treacherous,https://www.ruthenia.ru/folklore/thompson/k.htm
K2260,Dark traitors.,https://www.ruthenia.ru/folklore/thompson/k.htm
K2270,Deformed,https://www.ruthenia.ru/folklore/thompson/k.htm
K2280,Treacherous,https://www.ruthenia.ru/folklore/thompson/k.htm
K2290,Other villains,https://www.ruthenia.ru/folklore/thompson/k.htm
K2300,Other deceptions.,https://www.ruthenia.ru/folklore/thompson/k.htm
K2310,Deception by,https://www.ruthenia.ru/folklore/thompson/k.htm
K2320,Deception by,https://www.ruthenia.ru/folklore/thompson/k.htm
K2350,Military,https://www.ruthenia.ru/folklore/thompson/k.htm
K2370,Miscellaneous,https://www.ruthenia.ru/folklore/thompson/k.htm
L0,Victorious youngest,https://www.ruthenia.ru/folklore/thompson/l.htm
L10,Victorious youngest,https://www.ruthenia.ru/folklore/thompson/l.htm
L50,Victorious youngest,https://www.ruthenia.ru/folklore/thompson/l.htm
L100,Unpromising hero,https://www.ruthenia.ru/folklore/thompson/l.htm
L110,Types of,https://www.ruthenia.ru/folklore/thompson/l.htm
L130,Abode of,https://www.ruthenia.ru/folklore/thompson/l.htm
L140,The unpromising,https://www.ruthenia.ru/folklore/thompson/l.htm
L160,Success of the,https://www.ruthenia.ru/folklore/thompson/l.htm
L200,Modesty brings,https://www.ruthenia.ru/folklore/thompson/l.htm
L210,Modest choice best,https://www.ruthenia.ru/folklore/thompson/l.htm
L220,Modest request,https://www.ruthenia.ru/folklore/thompson/l.htm
L250,Modest business,https://www.ruthenia.ru/folklore/thompson/l.htm
L300,Triumph of the,https://www.ruthenia.ru/folklore/thompson/l.htm
L310,Weak overcomes,https://www.ruthenia.ru/folklore/thompson/l.htm
L330,Easy escape of,https://www.ruthenia.ru/folklore/thompson/l.htm
L350,Mildness triumphs,https://www.ruthenia.ru/folklore/thompson/l.htm
L390,Triumph of the,https://www.ruthenia.ru/folklore/thompson/l.htm
L400,Pride brought low,https://www.ruthenia.ru/folklore/thompson/l.htm
L410,Proud ruler,https://www.ruthenia.ru/folklore/thompson/l.htm
L420,Overweening,https://www.ruthenia.ru/folklore/thompson/l.htm
L430,Arrogance repaid,https://www.ruthenia.ru/folklore/thompson/l.htm
L450,Proud animal less,https://www.ruthenia.ru/folklore/thompson/l.htm
L460,Pride brought,https://www.ruthenia.ru/folklore/thompson/l.htm
L0,Victorious youngest,https://www.ruthenia.ru/folklore/thompson/l.htm
L10,Victorious youngest,https://www.ruthenia.ru/folklore/thompson/l.htm
L50,Victorious youngest,https://www.ruthenia.ru/folklore/thompson/l.htm
L50,apply to this motif.,https://www.ruthenia.ru/folklore/thompson/l.htm
L70,Youngest of group,https://www.ruthenia.ru/folklore/thompson/l.htm
L100,Unpromising hero,https://www.ruthenia.ru/folklore/thompson/l.htm
L110,Types of,https://www.ruthenia.ru/folklore/thompson/l.htm
L130,Abode of,https://www.ruthenia.ru/folklore/thompson/l.htm
L140,The unpromising,https://www.ruthenia.ru/folklore/thompson/l.htm
L160,Success of the,https://www.ruthenia.ru/folklore/thompson/l.htm
L200,Modesty brings,https://www.ruthenia.ru/folklore/thompson/l.htm
L210,Modest choice,https://www.ruthenia.ru/folklore/thompson/l.htm
L220,Modest request,https://www.ruthenia.ru/folklore/thompson/l.htm
L250,Modest business,https://www.ruthenia.ru/folklore/thompson/l.htm
L290,Modesty brings,https://www.ruthenia.ru/folklore/thompson/l.htm
L300,Triumph of the,https://www.ruthenia.ru/folklore/thompson/l.htm
L310,Weak overcomes,https://www.ruthenia.ru/folklore/thompson/l.htm
L330,Easy escape of,https://www.ruthenia.ru/folklore/thompson/l.htm
L350,Mildness triumphs,https://www.ruthenia.ru/folklore/thompson/l.htm
L390,Triumph of the,https://www.ruthenia.ru/folklore/thompson/l.htm
L400,Pride brought low.,https://www.ruthenia.ru/folklore/thompson/l.htm
L410,Proud ruler,https://www.ruthenia.ru/folklore/thompson/l.htm
L420,Overweening,https://www.ruthenia.ru/folklore/thompson/l.htm
L430,Arrogance repaid.,https://www.ruthenia.ru/folklore/thompson/l.htm
L450,Proud animal less,https://www.ruthenia.ru/folklore/thompson/l.htm
L460,Pride brought,https://www.ruthenia.ru/folklore/thompson/l.htm
M0,Judgments and,https://www.ruthenia.ru/folklore/thompson/m.htm
M10,Irrevocable,https://www.ruthenia.ru/folklore/thompson/m.htm
M20,Short-sighted,https://www.ruthenia.ru/folklore/thompson/m.htm
M50,Other judgments and,https://www.ruthenia.ru/folklore/thompson/m.htm
M90,Judgments and,https://www.ruthenia.ru/folklore/thompson/m.htm
M100,Vows and oaths,https://www.ruthenia.ru/folklore/thompson/m.htm
M110,Taking of vows and,https://www.ruthenia.ru/folklore/thompson/m.htm
M120,Vows concerning,https://www.ruthenia.ru/folklore/thompson/m.htm
M130,Vows concerning,https://www.ruthenia.ru/folklore/thompson/m.htm
M150,Other vows and,https://www.ruthenia.ru/folklore/thompson/m.htm
M200,Bargains and,https://www.ruthenia.ru/folklore/thompson/m.htm
M210,Bargain with devil,https://www.ruthenia.ru/folklore/thompson/m.htm
M220,Other bargains,https://www.ruthenia.ru/folklore/thompson/m.htm
M250,Promises connected,https://www.ruthenia.ru/folklore/thompson/m.htm
M260,Other promises,https://www.ruthenia.ru/folklore/thompson/m.htm
M290,Bargains and,https://www.ruthenia.ru/folklore/thompson/m.htm
M300,Prophecies,https://www.ruthenia.ru/folklore/thompson/m.htm
M310,Favorable,https://www.ruthenia.ru/folklore/thompson/m.htm
M340,Unfavorable,https://www.ruthenia.ru/folklore/thompson/m.htm
M360,Other prophecies,https://www.ruthenia.ru/folklore/thompson/m.htm
M370,Vain attempts to,https://www.ruthenia.ru/folklore/thompson/m.htm
M400,Curses,https://www.ruthenia.ru/folklore/thompson/m.htm
M410,Pronouncement of,https://www.ruthenia.ru/folklore/thompson/m.htm
M420,Enduring and,https://www.ruthenia.ru/folklore/thompson/m.htm
M430,Curses on persons,https://www.ruthenia.ru/folklore/thompson/m.htm
M460,Curses on families,https://www.ruthenia.ru/folklore/thompson/m.htm
M0,Judgments and,https://www.ruthenia.ru/folklore/thompson/m.htm
M10,Irrevocable,https://www.ruthenia.ru/folklore/thompson/m.htm
M20,Short-sighted,https://www.ruthenia.ru/folklore/thompson/m.htm
M50,Other judgments and,https://www.ruthenia.ru/folklore/thompson/m.htm
M90,Judgments and,https://www.ruthenia.ru/folklore/thompson/m.htm
M100,Vows and oaths.,https://www.ruthenia.ru/folklore/thompson/m.htm
M110,Taking of vows and,https://www.ruthenia.ru/folklore/thompson/m.htm
M120,Vows concerning,https://www.ruthenia.ru/folklore/thompson/m.htm
M130,Vows concerning sex.,https://www.ruthenia.ru/folklore/thompson/m.htm
M150,Other vows and,https://www.ruthenia.ru/folklore/thompson/m.htm
M200,Bargains and,https://www.ruthenia.ru/folklore/thompson/m.htm
M210,Bargain with,https://www.ruthenia.ru/folklore/thompson/m.htm
M220,Other bargains.,https://www.ruthenia.ru/folklore/thompson/m.htm
M250,Promises connected,https://www.ruthenia.ru/folklore/thompson/m.htm
M260,Other promises.,https://www.ruthenia.ru/folklore/thompson/m.htm
M290,Bargains and,https://www.ruthenia.ru/folklore/thompson/m.htm
K551.11,Ten-year respite given captive while he undertakes to,https://www.ruthenia.ru/folklore/thompson/m.htm
M300,Prophecies.,https://www.ruthenia.ru/folklore/thompson/m.htm
M310,Favorable,https://www.ruthenia.ru/folklore/thompson/m.htm
M340,Unfavorable,https://www.ruthenia.ru/folklore/thompson/m.htm
M360,Other prophecies.,https://www.ruthenia.ru/folklore/thompson/m.htm
M370,Vain attempts to,https://www.ruthenia.ru/folklore/thompson/m.htm
M400,Curses.,https://www.ruthenia.ru/folklore/thompson/m.htm
M410,Pronouncement of,https://www.ruthenia.ru/folklore/thompson/m.htm
M420,Enduring and,https://www.ruthenia.ru/folklore/thompson/m.htm
M430,Curses on persons.,https://www.ruthenia.ru/folklore/thompson/m.htm
M460,Curses on,https://www.ruthenia.ru/folklore/thompson/m.htm
M470,Curses on objects,https://www.ruthenia.ru/folklore/thompson/m.htm
N0,Wagers and gambling,https://www.ruthenia.ru/folklore/thompson/n.htm
N10,"Wagers on wives,",https://www.ruthenia.ru/folklore/thompson/n.htm
N50,Other wagers,https://www.ruthenia.ru/folklore/thompson/n.htm
N90,Wagers and,https://www.ruthenia.ru/folklore/thompson/n.htm
N100,Nature of luck and,https://www.ruthenia.ru/folklore/thompson/n.htm
N110,Luck and fate,https://www.ruthenia.ru/folklore/thompson/n.htm
N120,Determination of,https://www.ruthenia.ru/folklore/thompson/n.htm
N130,Changing of luck,https://www.ruthenia.ru/folklore/thompson/n.htm
N140,Nature of luck and,https://www.ruthenia.ru/folklore/thompson/n.htm
N170,The capriciousness,https://www.ruthenia.ru/folklore/thompson/n.htm
N200,The good gifts of,https://www.ruthenia.ru/folklore/thompson/n.htm
N250,Persistent bad,https://www.ruthenia.ru/folklore/thompson/n.htm
N270,Crime inevitably,https://www.ruthenia.ru/folklore/thompson/n.htm
N300,Unlucky accidents,https://www.ruthenia.ru/folklore/thompson/n.htm
N310,Accidental,https://www.ruthenia.ru/folklore/thompson/n.htm
N320,Person unwittingly,https://www.ruthenia.ru/folklore/thompson/n.htm
N330,Accidental killing,https://www.ruthenia.ru/folklore/thompson/n.htm
N340,Hasty killing or,https://www.ruthenia.ru/folklore/thompson/n.htm
N350,Accidental loss of,https://www.ruthenia.ru/folklore/thompson/n.htm
N360,Man unwittingly,https://www.ruthenia.ru/folklore/thompson/n.htm
N380,Other unlucky,https://www.ruthenia.ru/folklore/thompson/n.htm
N440,Valuable secrets,https://www.ruthenia.ru/folklore/thompson/n.htm
N450,Secrets overheard,https://www.ruthenia.ru/folklore/thompson/n.htm
N500,Treasure trove,https://www.ruthenia.ru/folklore/thompson/n.htm
N510,Where treasure is,https://www.ruthenia.ru/folklore/thompson/n.htm
N530,Discovery of,https://www.ruthenia.ru/folklore/thompson/n.htm
N550,Unearthing hidden,https://www.ruthenia.ru/folklore/thompson/n.htm
N570,Guardian of,https://www.ruthenia.ru/folklore/thompson/n.htm
N590,Treasure,https://www.ruthenia.ru/folklore/thompson/n.htm
N610,Accidental,https://www.ruthenia.ru/folklore/thompson/n.htm
N620,Accidental success,https://www.ruthenia.ru/folklore/thompson/n.htm
N630,Accidental,https://www.ruthenia.ru/folklore/thompson/n.htm
N640,Accidental healing,https://www.ruthenia.ru/folklore/thompson/n.htm
N650,Life saved by,https://www.ruthenia.ru/folklore/thompson/n.htm
N680,Lucky,https://www.ruthenia.ru/folklore/thompson/n.htm
N700,Accidental,https://www.ruthenia.ru/folklore/thompson/n.htm
N710,Accidental meeting,https://www.ruthenia.ru/folklore/thompson/n.htm
N730,Accidental reunion,https://www.ruthenia.ru/folklore/thompson/n.htm
N760,Other accidental,https://www.ruthenia.ru/folklore/thompson/n.htm
N770,Experiences,https://www.ruthenia.ru/folklore/thompson/n.htm
N800,Helpers,https://www.ruthenia.ru/folklore/thompson/n.htm
N810,Supernatural,https://www.ruthenia.ru/folklore/thompson/n.htm
N820,Human helpers,https://www.ruthenia.ru/folklore/thompson/n.htm
N0,Wagers and gambling.,https://www.ruthenia.ru/folklore/thompson/n.htm
N10,"Wagers on wives,",https://www.ruthenia.ru/folklore/thompson/n.htm
N50,Other wagers.,https://www.ruthenia.ru/folklore/thompson/n.htm
N90,Wagers and,https://www.ruthenia.ru/folklore/thompson/n.htm
N100,Nature of luck and,https://www.ruthenia.ru/folklore/thompson/n.htm
N110,Luck and fate,https://www.ruthenia.ru/folklore/thompson/n.htm
N120,Determination of,https://www.ruthenia.ru/folklore/thompson/n.htm
N130,Changing of luck,https://www.ruthenia.ru/folklore/thompson/n.htm
N140,Nature of luck and,https://www.ruthenia.ru/folklore/thompson/n.htm
N170,The capriciousness,https://www.ruthenia.ru/folklore/thompson/n.htm
N200,The good gifts of,https://www.ruthenia.ru/folklore/thompson/n.htm
N250,Persistent bad,https://www.ruthenia.ru/folklore/thompson/n.htm
N270,Crime inevitably,https://www.ruthenia.ru/folklore/thompson/n.htm
N300,Unlucky accidents.,https://www.ruthenia.ru/folklore/thompson/n.htm
N310,Accidental,https://www.ruthenia.ru/folklore/thompson/n.htm
N320,Person unwittingly,https://www.ruthenia.ru/folklore/thompson/n.htm
M343,(Parricide prophecy).,https://www.ruthenia.ru/folklore/thompson/n.htm
N330,Accidental killing,https://www.ruthenia.ru/folklore/thompson/n.htm
N340,Hasty killing or,https://www.ruthenia.ru/folklore/thompson/n.htm
N350,Accidental loss of,https://www.ruthenia.ru/folklore/thompson/n.htm
N360,Man unwittingly,https://www.ruthenia.ru/folklore/thompson/n.htm
M344,Heptameron No. 30; Spanish: Boggs FFC XC 117 No. 983; Italian Novella:,https://www.ruthenia.ru/folklore/thompson/n.htm
N380,Other unlucky,https://www.ruthenia.ru/folklore/thompson/n.htm
N400,Lucky accident.,https://www.ruthenia.ru/folklore/thompson/n.htm
N410,Lucky business,https://www.ruthenia.ru/folklore/thompson/n.htm
N440,Valuable secrets,https://www.ruthenia.ru/folklore/thompson/n.htm
N450,Secrets overheard.,https://www.ruthenia.ru/folklore/thompson/n.htm
N500,Treasure trove.,https://www.ruthenia.ru/folklore/thompson/n.htm
N510,Where treasure is,https://www.ruthenia.ru/folklore/thompson/n.htm
N530,Discovery of,https://www.ruthenia.ru/folklore/thompson/n.htm
N550,Unearthing hidden,https://www.ruthenia.ru/folklore/thompson/n.htm
N570,Guardian of,https://www.ruthenia.ru/folklore/thompson/n.htm
N590,Treasure,https://www.ruthenia.ru/folklore/thompson/n.htm
N610,Accidental,https://www.ruthenia.ru/folklore/thompson/n.htm
N620,Accidental success,https://www.ruthenia.ru/folklore/thompson/n.htm
N630,Accidental,https://www.ruthenia.ru/folklore/thompson/n.htm
N640,Accidental,https://www.ruthenia.ru/folklore/thompson/n.htm
N650,Life saved by,https://www.ruthenia.ru/folklore/thompson/n.htm
N660,Accidental,https://www.ruthenia.ru/folklore/thompson/n.htm
N680,Lucky,https://www.ruthenia.ru/folklore/thompson/n.htm
G570,Ogre overawed.,https://www.ruthenia.ru/folklore/thompson/n.htm
N700,Accidental,https://www.ruthenia.ru/folklore/thompson/n.htm
N710,Accidental meeting,https://www.ruthenia.ru/folklore/thompson/n.htm
N730,Accidental reunion,https://www.ruthenia.ru/folklore/thompson/n.htm
N760,Other accidental,https://www.ruthenia.ru/folklore/thompson/n.htm
N770,Experiences,https://www.ruthenia.ru/folklore/thompson/n.htm
N800,Helpers.,https://www.ruthenia.ru/folklore/thompson/n.htm
N810,Supernatural,https://www.ruthenia.ru/folklore/thompson/n.htm
N820,Human helpers.,https://www.ruthenia.ru/folklore/thompson/n.htm
P0,Royalty and nobility,https://www.ruthenia.ru/folklore/thompson/p.htm
P10,Kings,https://www.ruthenia.ru/folklore/thompson/p.htm
P20,Queens,https://www.ruthenia.ru/folklore/thompson/p.htm
P30,Princes,https://www.ruthenia.ru/folklore/thompson/p.htm
P40,Princesses,https://www.ruthenia.ru/folklore/thompson/p.htm
P50,Noblemen (knights),https://www.ruthenia.ru/folklore/thompson/p.htm
P60,Noble (gentle),https://www.ruthenia.ru/folklore/thompson/p.htm
P90,Royalty and,https://www.ruthenia.ru/folklore/thompson/p.htm
P110,Royal ministers,https://www.ruthenia.ru/folklore/thompson/p.htm
P120,Church dignitaries,https://www.ruthenia.ru/folklore/thompson/p.htm
P150,Rich men,https://www.ruthenia.ru/folklore/thompson/p.htm
P160,Beggars,https://www.ruthenia.ru/folklore/thompson/p.htm
P170,Slaves,https://www.ruthenia.ru/folklore/thompson/p.htm
P190,Other social,https://www.ruthenia.ru/folklore/thompson/p.htm
P200,The family,https://www.ruthenia.ru/folklore/thompson/p.htm
P210,Husband and wife,https://www.ruthenia.ru/folklore/thompson/p.htm
P230,Parents and,https://www.ruthenia.ru/folklore/thompson/p.htm
P250,Brothers and,https://www.ruthenia.ru/folklore/thompson/p.htm
P260,Relations by law,https://www.ruthenia.ru/folklore/thompson/p.htm
P270,Foster relatives,https://www.ruthenia.ru/folklore/thompson/p.htm
P280,Steprelatives,https://www.ruthenia.ru/folklore/thompson/p.htm
P290,Other relatives,https://www.ruthenia.ru/folklore/thompson/p.htm
P310,Friendship,https://www.ruthenia.ru/folklore/thompson/p.htm
P320,Hospitality,https://www.ruthenia.ru/folklore/thompson/p.htm
P340,Teacher and pupil,https://www.ruthenia.ru/folklore/thompson/p.htm
P360,Master and servant,https://www.ruthenia.ru/folklore/thompson/p.htm
P400,Trades and,https://www.ruthenia.ru/folklore/thompson/p.htm
P410,Laborers,https://www.ruthenia.ru/folklore/thompson/p.htm
P420,Learned,https://www.ruthenia.ru/folklore/thompson/p.htm
P430,Financiers and,https://www.ruthenia.ru/folklore/thompson/p.htm
P440,Artisans,https://www.ruthenia.ru/folklore/thompson/p.htm
P460,Other trades and,https://www.ruthenia.ru/folklore/thompson/p.htm
P500,Government,https://www.ruthenia.ru/folklore/thompson/p.htm
P510,Law courts,https://www.ruthenia.ru/folklore/thompson/p.htm
P550,Military affairs,https://www.ruthenia.ru/folklore/thompson/p.htm
P600,Customs.,https://www.ruthenia.ru/folklore/thompson/p.htm
P710,Nations,https://www.ruthenia.ru/folklore/thompson/p.htm
P0,Royalty and,https://www.ruthenia.ru/folklore/thompson/p.htm
P10,Kings.,https://www.ruthenia.ru/folklore/thompson/p.htm
P20,Queens.,https://www.ruthenia.ru/folklore/thompson/p.htm
P30,Princes.,https://www.ruthenia.ru/folklore/thompson/p.htm
P40,Princesses.,https://www.ruthenia.ru/folklore/thompson/p.htm
P50,Noblemen (knights).,https://www.ruthenia.ru/folklore/thompson/p.htm
P60,Noble (gentle),https://www.ruthenia.ru/folklore/thompson/p.htm
P90,Royalty and,https://www.ruthenia.ru/folklore/thompson/p.htm
P110,Royal ministers.,https://www.ruthenia.ru/folklore/thompson/p.htm
P120,Church,https://www.ruthenia.ru/folklore/thompson/p.htm
P150,Rich men.,https://www.ruthenia.ru/folklore/thompson/p.htm
P160,Beggars.,https://www.ruthenia.ru/folklore/thompson/p.htm
P170,Slaves.,https://www.ruthenia.ru/folklore/thompson/p.htm
P190,Other social,https://www.ruthenia.ru/folklore/thompson/p.htm
P200,The family.,https://www.ruthenia.ru/folklore/thompson/p.htm
P210,Husband and wife.,https://www.ruthenia.ru/folklore/thompson/p.htm
P230,Parents and,https://www.ruthenia.ru/folklore/thompson/p.htm
P250,Brothers and,https://www.ruthenia.ru/folklore/thompson/p.htm
P260,Relations by law.,https://www.ruthenia.ru/folklore/thompson/p.htm
P270,Foster relatives.,https://www.ruthenia.ru/folklore/thompson/p.htm
P280,Steprelatives.,https://www.ruthenia.ru/folklore/thompson/p.htm
P290,Other relatives.,https://www.ruthenia.ru/folklore/thompson/p.htm
N811,and all references and cross-references.,https://www.ruthenia.ru/folklore/thompson/p.htm
P310,Friendship.,https://www.ruthenia.ru/folklore/thompson/p.htm
P320,Hospitality.,https://www.ruthenia.ru/folklore/thompson/p.htm
P340,Teacher and pupil.,https://www.ruthenia.ru/folklore/thompson/p.htm
P360,Master and,https://www.ruthenia.ru/folklore/thompson/p.htm
P400,Trades and,https://www.ruthenia.ru/folklore/thompson/p.htm
P410,Laborers.,https://www.ruthenia.ru/folklore/thompson/p.htm
P420,Learned,https://www.ruthenia.ru/folklore/thompson/p.htm
P440,Artisans.,https://www.ruthenia.ru/folklore/thompson/p.htm
P460,Other trades and professions.,https://www.ruthenia.ru/folklore/thompson/p.htm
P500,Government.,https://www.ruthenia.ru/folklore/thompson/p.htm
P510,Law courts.,https://www.ruthenia.ru/folklore/thompson/p.htm
P550,Military affairs.,https://www.ruthenia.ru/folklore/thompson/p.htm
P600,Customs.,https://www.ruthenia.ru/folklore/thompson/p.htm
P710,Nations.,https://www.ruthenia.ru/folklore/thompson/p.htm
P720,Population.,https://www.ruthenia.ru/folklore/thompson/p.htm
Q0,Rewards and punishments,https://www.ruthenia.ru/folklore/thompson/q.htm
Q10,Deeds rewarded,https://www.ruthenia.ru/folklore/thompson/q.htm
Q20,Piety rewarded,https://www.ruthenia.ru/folklore/thompson/q.htm
Q40,Kindness rewarded,https://www.ruthenia.ru/folklore/thompson/q.htm
Q60,Other good,https://www.ruthenia.ru/folklore/thompson/q.htm
Q80,Rewards for other,https://www.ruthenia.ru/folklore/thompson/q.htm
Q100,Nature of rewards,https://www.ruthenia.ru/folklore/thompson/q.htm
Q110,Material rewards,https://www.ruthenia.ru/folklore/thompson/q.htm
Q140,Miraculous or,https://www.ruthenia.ru/folklore/thompson/q.htm
Q150,Immunity from,https://www.ruthenia.ru/folklore/thompson/q.htm
Q170,Religious rewards,https://www.ruthenia.ru/folklore/thompson/q.htm
Q200,Deeds punished,https://www.ruthenia.ru/folklore/thompson/q.htm
Q210,Crimes punished,https://www.ruthenia.ru/folklore/thompson/q.htm
Q220,Impiety punished,https://www.ruthenia.ru/folklore/thompson/q.htm
Q240,Sexual sins,https://www.ruthenia.ru/folklore/thompson/q.htm
Q260,Deceptions,https://www.ruthenia.ru/folklore/thompson/q.htm
Q270,Misdeeds,https://www.ruthenia.ru/folklore/thompson/q.htm
Q280,Unkindness,https://www.ruthenia.ru/folklore/thompson/q.htm
Q300,Contentiousness,https://www.ruthenia.ru/folklore/thompson/q.htm
Q320,Evil personal,https://www.ruthenia.ru/folklore/thompson/q.htm
Q330,Overweening,https://www.ruthenia.ru/folklore/thompson/q.htm
Q340,Meddling punished,https://www.ruthenia.ru/folklore/thompson/q.htm
Q380,Deeds,https://www.ruthenia.ru/folklore/thompson/q.htm
Q400,Kinds of,https://www.ruthenia.ru/folklore/thompson/q.htm
Q410,Capital punishment,https://www.ruthenia.ru/folklore/thompson/q.htm
Q430,Abridgement of,https://www.ruthenia.ru/folklore/thompson/q.htm
Q450,Cruel punishments,https://www.ruthenia.ru/folklore/thompson/q.htm
Q470,Humiliating,https://www.ruthenia.ru/folklore/thompson/q.htm
Q500,Tedious,https://www.ruthenia.ru/folklore/thompson/q.htm
Q520,Penances,https://www.ruthenia.ru/folklore/thompson/q.htm
Q550,Miraculous,https://www.ruthenia.ru/folklore/thompson/q.htm
Q560,Punishments in,https://www.ruthenia.ru/folklore/thompson/q.htm
Q570,Punishment and,https://www.ruthenia.ru/folklore/thompson/q.htm
Q580,Punishment fitted,https://www.ruthenia.ru/folklore/thompson/q.htm
Q590,Miscellaneous,https://www.ruthenia.ru/folklore/thompson/q.htm
Q0,Rewards and,https://www.ruthenia.ru/folklore/thompson/q.htm
Q10,Deeds rewarded.,https://www.ruthenia.ru/folklore/thompson/q.htm
Q20,Piety rewarded.,https://www.ruthenia.ru/folklore/thompson/q.htm
Q40,Kindness rewarded.,https://www.ruthenia.ru/folklore/thompson/q.htm
Q60,Other good,https://www.ruthenia.ru/folklore/thompson/q.htm
Q80,Rewards for other,https://www.ruthenia.ru/folklore/thompson/q.htm
Q100,Nature of rewards.,https://www.ruthenia.ru/folklore/thompson/q.htm
Q110,Material rewards.,https://www.ruthenia.ru/folklore/thompson/q.htm
Q140,Miraculous or,https://www.ruthenia.ru/folklore/thompson/q.htm
Q150,Immunity from,https://www.ruthenia.ru/folklore/thompson/q.htm
Q170,Religious rewards.,https://www.ruthenia.ru/folklore/thompson/q.htm
Q200,Deeds punished.,https://www.ruthenia.ru/folklore/thompson/q.htm
Q210,Crimes punished.,https://www.ruthenia.ru/folklore/thompson/q.htm
Q220,Impiety punished.,https://www.ruthenia.ru/folklore/thompson/q.htm
Q240,Sexual sins,https://www.ruthenia.ru/folklore/thompson/q.htm
Q260,Deceptions,https://www.ruthenia.ru/folklore/thompson/q.htm
Q270,Misdeeds,https://www.ruthenia.ru/folklore/thompson/q.htm
Q280,Unkindness,https://www.ruthenia.ru/folklore/thompson/q.htm
Q300,Contentiousness,https://www.ruthenia.ru/folklore/thompson/q.htm
Q320,Evil personal,https://www.ruthenia.ru/folklore/thompson/q.htm
Q330,Overweening,https://www.ruthenia.ru/folklore/thompson/q.htm
Q340,Meddling punished.,https://www.ruthenia.ru/folklore/thompson/q.htm
Q380,Deeds,https://www.ruthenia.ru/folklore/thompson/q.htm
Q400,Kinds of,https://www.ruthenia.ru/folklore/thompson/q.htm
Q410,Capital,https://www.ruthenia.ru/folklore/thompson/q.htm
Q430,Abridgment of,https://www.ruthenia.ru/folklore/thompson/q.htm
Q450,Cruel punishments.,https://www.ruthenia.ru/folklore/thompson/q.htm
Q470,Humiliating,https://www.ruthenia.ru/folklore/thompson/q.htm
Q500,Tedious,https://www.ruthenia.ru/folklore/thompson/q.htm
Q520,Penances.,https://www.ruthenia.ru/folklore/thompson/q.htm
Q550,Miraculous,https://www.ruthenia.ru/folklore/thompson/q.htm
Q560,Punishments in,https://www.ruthenia.ru/folklore/thompson/q.htm
Q570,Punishment and,https://www.ruthenia.ru/folklore/thompson/q.htm
Q580,Punishment fitted,https://www.ruthenia.ru/folklore/thompson/q.htm
Q590,Miscellaneous,https://www.ruthenia.ru/folklore/thompson/q.htm
R0,Captivity,https://www.ruthenia.ru/folklore/thompson/r.htm
R10,Abduction,https://www.ruthenia.ru/folklore/thompson/r.htm
R40,Places of captivity,https://www.ruthenia.ru/folklore/thompson/r.htm
R50,Conditions of,https://www.ruthenia.ru/folklore/thompson/r.htm
R70,Behavior of,https://www.ruthenia.ru/folklore/thompson/r.htm
R100,Rescues,https://www.ruthenia.ru/folklore/thompson/r.htm
R110,Rescue of captive,https://www.ruthenia.ru/folklore/thompson/r.htm
R130,Rescue of,https://www.ruthenia.ru/folklore/thompson/r.htm
R150,Rescuers,https://www.ruthenia.ru/folklore/thompson/r.htm
R200,Escapes and,https://www.ruthenia.ru/folklore/thompson/r.htm
R210,Escapes,https://www.ruthenia.ru/folklore/thompson/r.htm
R220,Flights,https://www.ruthenia.ru/folklore/thompson/r.htm
R260,Pursuits,https://www.ruthenia.ru/folklore/thompson/r.htm
R300,Refuges and,https://www.ruthenia.ru/folklore/thompson/r.htm
R310,Refuges,https://www.ruthenia.ru/folklore/thompson/r.htm
R350,Recapture of,https://www.ruthenia.ru/folklore/thompson/r.htm
R0,Captivity.,https://www.ruthenia.ru/folklore/thompson/r.htm
R10,Abduction.,https://www.ruthenia.ru/folklore/thompson/r.htm
R40,Places of,https://www.ruthenia.ru/folklore/thompson/r.htm
R50,Conditions of,https://www.ruthenia.ru/folklore/thompson/r.htm
R70,Behavior of,https://www.ruthenia.ru/folklore/thompson/r.htm
R100,Rescues.,https://www.ruthenia.ru/folklore/thompson/r.htm
R110,Rescue of captive.,https://www.ruthenia.ru/folklore/thompson/r.htm
R11.1,Type 590; BP III 1; *Basset RTP III 562; English: Wells 64 (The,https://www.ruthenia.ru/folklore/thompson/r.htm
R130,Rescue of,https://www.ruthenia.ru/folklore/thompson/r.htm
R150,Rescuers.,https://www.ruthenia.ru/folklore/thompson/r.htm
R200,Escapes and,https://www.ruthenia.ru/folklore/thompson/r.htm
R210,Escapes.,https://www.ruthenia.ru/folklore/thompson/r.htm
R220,Flights.,https://www.ruthenia.ru/folklore/thompson/r.htm
R260,Pursuits.,https://www.ruthenia.ru/folklore/thompson/r.htm
R300,Refuges and,https://www.ruthenia.ru/folklore/thompson/r.htm
R310,Refuges.,https://www.ruthenia.ru/folklore/thompson/r.htm
R350,Recapture of,https://www.ruthenia.ru/folklore/thompson/r.htm
S0,Cruel relatives,https://www.ruthenia.ru/folklore/thompson/s.htm
S10,Cruel parents,https://www.ruthenia.ru/folklore/thompson/s.htm
S20,Cruel children and,https://www.ruthenia.ru/folklore/thompson/s.htm
S30,Cruel step- and,https://www.ruthenia.ru/folklore/thompson/s.htm
S40,Cruel grandparents,https://www.ruthenia.ru/folklore/thompson/s.htm
S50,Cruel,https://www.ruthenia.ru/folklore/thompson/s.htm
S60,Cruel spouse,https://www.ruthenia.ru/folklore/thompson/s.htm
S70,Other cruel,https://www.ruthenia.ru/folklore/thompson/s.htm
S100,Revolting murders,https://www.ruthenia.ru/folklore/thompson/s.htm
S110,Murders,https://www.ruthenia.ru/folklore/thompson/s.htm
S140,Cruel abandonments,https://www.ruthenia.ru/folklore/thompson/s.htm
S160,Mutilations,https://www.ruthenia.ru/folklore/thompson/s.htm
S180,Wounding or,https://www.ruthenia.ru/folklore/thompson/s.htm
S200,Cruel sacrifices,https://www.ruthenia.ru/folklore/thompson/s.htm
S210,Children sold or,https://www.ruthenia.ru/folklore/thompson/s.htm
S220,Reasons for,https://www.ruthenia.ru/folklore/thompson/s.htm
S240,Children,https://www.ruthenia.ru/folklore/thompson/s.htm
S250,Saving the promised,https://www.ruthenia.ru/folklore/thompson/s.htm
S260,Sacrifices,https://www.ruthenia.ru/folklore/thompson/s.htm
S300,Abandoned or,https://www.ruthenia.ru/folklore/thompson/s.htm
S310,Reasons for,https://www.ruthenia.ru/folklore/thompson/s.htm
S330,Circumstances of,https://www.ruthenia.ru/folklore/thompson/s.htm
S350,Fate of abandoned,https://www.ruthenia.ru/folklore/thompson/s.htm
S400,Cruel persecutions,https://www.ruthenia.ru/folklore/thompson/s.htm
S410,Persecuted wife,https://www.ruthenia.ru/folklore/thompson/s.htm
S430,Disposal of,https://www.ruthenia.ru/folklore/thompson/s.htm
S450,Fate of outcast,https://www.ruthenia.ru/folklore/thompson/s.htm
S460,Other cruel,https://www.ruthenia.ru/folklore/thompson/s.htm
S0,Cruel relative.,https://www.ruthenia.ru/folklore/thompson/s.htm
S10,Cruel parents.,https://www.ruthenia.ru/folklore/thompson/s.htm
S20,Cruel children and,https://www.ruthenia.ru/folklore/thompson/s.htm
S30,Cruel step- and,https://www.ruthenia.ru/folklore/thompson/s.htm
S40,Cruel grandparents.,https://www.ruthenia.ru/folklore/thompson/s.htm
S50,Cruel,https://www.ruthenia.ru/folklore/thompson/s.htm
S60,Cruel spouse.,https://www.ruthenia.ru/folklore/thompson/s.htm
S70,Other cruel,https://www.ruthenia.ru/folklore/thompson/s.htm
S100,Revolting murders,https://www.ruthenia.ru/folklore/thompson/s.htm
S110,Murders.,https://www.ruthenia.ru/folklore/thompson/s.htm
S140,Cruel abandonments,https://www.ruthenia.ru/folklore/thompson/s.htm
S160,Mutilations.,https://www.ruthenia.ru/folklore/thompson/s.htm
S180,Wounding or torturing.,https://www.ruthenia.ru/folklore/thompson/s.htm
S200,Cruel sacrifices.,https://www.ruthenia.ru/folklore/thompson/s.htm
S210,Children sold or,https://www.ruthenia.ru/folklore/thompson/s.htm
S220,Reasons for,https://www.ruthenia.ru/folklore/thompson/s.htm
S240,Children,https://www.ruthenia.ru/folklore/thompson/s.htm
S250,Saving the,https://www.ruthenia.ru/folklore/thompson/s.htm
S260,Sacrifices.,https://www.ruthenia.ru/folklore/thompson/s.htm
S300,Abandoned or,https://www.ruthenia.ru/folklore/thompson/s.htm
S310,Reasons for,https://www.ruthenia.ru/folklore/thompson/s.htm
S330,Circumstances of,https://www.ruthenia.ru/folklore/thompson/s.htm
S350,Fate of abandoned,https://www.ruthenia.ru/folklore/thompson/s.htm
S400,Cruel,https://www.ruthenia.ru/folklore/thompson/s.htm
S410,Persecuted wife.,https://www.ruthenia.ru/folklore/thompson/s.htm
S430,Disposal of,https://www.ruthenia.ru/folklore/thompson/s.htm
S450,Fate of outcast,https://www.ruthenia.ru/folklore/thompson/s.htm
S460,Other cruel,https://www.ruthenia.ru/folklore/thompson/s.htm
T0,Love,https://www.ruthenia.ru/folklore/thompson/t.htm
T10,Falling in love,https://www.ruthenia.ru/folklore/thompson/t.htm
T30,Lovers’ meeting,https://www.ruthenia.ru/folklore/thompson/t.htm
T50,Wooing,https://www.ruthenia.ru/folklore/thompson/t.htm
T70,The scorned lover,https://www.ruthenia.ru/folklore/thompson/t.htm
T80,Tragic love,https://www.ruthenia.ru/folklore/thompson/t.htm
T90,Love--miscellaneous,https://www.ruthenia.ru/folklore/thompson/t.htm
T100,Marriage,https://www.ruthenia.ru/folklore/thompson/t.htm
T110,Unusual marriage,https://www.ruthenia.ru/folklore/thompson/t.htm
T130,Marriage customs,https://www.ruthenia.ru/folklore/thompson/t.htm
T150,Happenings at,https://www.ruthenia.ru/folklore/thompson/t.htm
T160,Consummation of,https://www.ruthenia.ru/folklore/thompson/t.htm
T200,Married life,https://www.ruthenia.ru/folklore/thompson/t.htm
T210,Faithfulness in,https://www.ruthenia.ru/folklore/thompson/t.htm
T230,Faithlessness in,https://www.ruthenia.ru/folklore/thompson/t.htm
T250,Characteristics of,https://www.ruthenia.ru/folklore/thompson/t.htm
T280,Other aspects of,https://www.ruthenia.ru/folklore/thompson/t.htm
T300,Chastity and,https://www.ruthenia.ru/folklore/thompson/t.htm
T310,Celibacy and,https://www.ruthenia.ru/folklore/thompson/t.htm
T320,Escape from,https://www.ruthenia.ru/folklore/thompson/t.htm
T330,Anchorites under,https://www.ruthenia.ru/folklore/thompson/t.htm
T350,Chaste sleeping,https://www.ruthenia.ru/folklore/thompson/t.htm
T360,Chastity and,https://www.ruthenia.ru/folklore/thompson/t.htm
T400,Illicit sexual,https://www.ruthenia.ru/folklore/thompson/t.htm
T410,Incest,https://www.ruthenia.ru/folklore/thompson/t.htm
T450,Prostitution and,https://www.ruthenia.ru/folklore/thompson/t.htm
T460,Sexual perversions,https://www.ruthenia.ru/folklore/thompson/t.htm
T470,Illicit sexual,https://www.ruthenia.ru/folklore/thompson/t.htm
T500,Conception and,https://www.ruthenia.ru/folklore/thompson/t.htm
T510,Miraculous,https://www.ruthenia.ru/folklore/thompson/t.htm
T540,Miraculous birth,https://www.ruthenia.ru/folklore/thompson/t.htm
T550,Monstrous births,https://www.ruthenia.ru/folklore/thompson/t.htm
T570,Pregnancy,https://www.ruthenia.ru/folklore/thompson/t.htm
T580,Childbirth,https://www.ruthenia.ru/folklore/thompson/t.htm
T590,Conception and,https://www.ruthenia.ru/folklore/thompson/t.htm
T600,Care of children,https://www.ruthenia.ru/folklore/thompson/t.htm
T610,Nurture and growth,https://www.ruthenia.ru/folklore/thompson/t.htm
T640,Illegitimate,https://www.ruthenia.ru/folklore/thompson/t.htm
T670,Adoption of,https://www.ruthenia.ru/folklore/thompson/t.htm
T680,Care of,https://www.ruthenia.ru/folklore/thompson/t.htm
T0,Love.,https://www.ruthenia.ru/folklore/thompson/t.htm
T10,Falling in love.,https://www.ruthenia.ru/folklore/thompson/t.htm
T30,Lovers’ meeting.,https://www.ruthenia.ru/folklore/thompson/t.htm
T50,Wooing.,https://www.ruthenia.ru/folklore/thompson/t.htm
T70,The scorned lover.,https://www.ruthenia.ru/folklore/thompson/t.htm
T80,Tragic love.,https://www.ruthenia.ru/folklore/thompson/t.htm
T90,Love--miscellaneous,https://www.ruthenia.ru/folklore/thompson/t.htm
G530.2,"Icelandic: De la Saussaye 337, *Boberg; Irish myth: *Cross; India:",https://www.ruthenia.ru/folklore/thompson/t.htm
T100,Marriage.,https://www.ruthenia.ru/folklore/thompson/t.htm
T110,Unusual marriage.,https://www.ruthenia.ru/folklore/thompson/t.htm
T130,Marriage customs.,https://www.ruthenia.ru/folklore/thompson/t.htm
T150,Happenings at,https://www.ruthenia.ru/folklore/thompson/t.htm
T160,Consummation of,https://www.ruthenia.ru/folklore/thompson/t.htm
T200,Married life.,https://www.ruthenia.ru/folklore/thompson/t.htm
T230,Faithlessness in,https://www.ruthenia.ru/folklore/thompson/t.htm
T250,Characteristics of,https://www.ruthenia.ru/folklore/thompson/t.htm
T280,Other aspects of,https://www.ruthenia.ru/folklore/thompson/t.htm
T300,Chastity and,https://www.ruthenia.ru/folklore/thompson/t.htm
T310,Celibacy and,https://www.ruthenia.ru/folklore/thompson/t.htm
T320,Escape from,https://www.ruthenia.ru/folklore/thompson/t.htm
T330,Anchorites under,https://www.ruthenia.ru/folklore/thompson/t.htm
T350,Chaste sleeping,https://www.ruthenia.ru/folklore/thompson/t.htm
T360,Chastity and,https://www.ruthenia.ru/folklore/thompson/t.htm
T400,Illicit sexual,https://www.ruthenia.ru/folklore/thompson/t.htm
T410,Incest.,https://www.ruthenia.ru/folklore/thompson/t.htm
T450,Prostitution and,https://www.ruthenia.ru/folklore/thompson/t.htm
T460,Sexual,https://www.ruthenia.ru/folklore/thompson/t.htm
T470,Illicit sexual,https://www.ruthenia.ru/folklore/thompson/t.htm
T500,Conception and,https://www.ruthenia.ru/folklore/thompson/t.htm
T510,Miraculous,https://www.ruthenia.ru/folklore/thompson/t.htm
T540,Miraculous birth.,https://www.ruthenia.ru/folklore/thompson/t.htm
T550,Monstrous births.,https://www.ruthenia.ru/folklore/thompson/t.htm
T570,Pregnancy.,https://www.ruthenia.ru/folklore/thompson/t.htm
T580,Childbirth.,https://www.ruthenia.ru/folklore/thompson/t.htm
T590,Conception and,https://www.ruthenia.ru/folklore/thompson/t.htm
T600,Care of children.,https://www.ruthenia.ru/folklore/thompson/t.htm
T610,Nurture and growth,https://www.ruthenia.ru/folklore/thompson/t.htm
T640,Illegitimate,https://www.ruthenia.ru/folklore/thompson/t.htm
T670,Adoption of,https://www.ruthenia.ru/folklore/thompson/t.htm
T680,Care of,https://www.ruthenia.ru/folklore/thompson/t.htm
U0,Life’s inequalities,https://www.ruthenia.ru/folklore/thompson/u.htm
U10,Justice and,https://www.ruthenia.ru/folklore/thompson/u.htm
U30,Rights of the,https://www.ruthenia.ru/folklore/thompson/u.htm
U60,Wealth and poverty,https://www.ruthenia.ru/folklore/thompson/u.htm
U110,Appearances,https://www.ruthenia.ru/folklore/thompson/u.htm
U120,Nature will show,https://www.ruthenia.ru/folklore/thompson/u.htm
U130,The power of habit,https://www.ruthenia.ru/folklore/thompson/u.htm
U140,One man‘s food is another man’s poison,https://www.ruthenia.ru/folklore/thompson/u.htm
U150,Indifference of,https://www.ruthenia.ru/folklore/thompson/u.htm
U160,Misfortune with,https://www.ruthenia.ru/folklore/thompson/u.htm
U170,Behavior of the,https://www.ruthenia.ru/folklore/thompson/u.htm
U180,In vino veritas,https://www.ruthenia.ru/folklore/thompson/u.htm
U210,"Bad ruler, bad",https://www.ruthenia.ru/folklore/thompson/u.htm
U220,Forced peace,https://www.ruthenia.ru/folklore/thompson/u.htm
U230,The nature of sin,https://www.ruthenia.ru/folklore/thompson/u.htm
U240,Power of mind over,https://www.ruthenia.ru/folklore/thompson/u.htm
U250,Shortness of life,https://www.ruthenia.ru/folklore/thompson/u.htm
U260,Passage of time,https://www.ruthenia.ru/folklore/thompson/u.htm
U270,Security breeds,https://www.ruthenia.ru/folklore/thompson/u.htm
U0,Life’s inequalities.,https://www.ruthenia.ru/folklore/thompson/u.htm
U10,Justice and,https://www.ruthenia.ru/folklore/thompson/u.htm
U30,Rights of the,https://www.ruthenia.ru/folklore/thompson/u.htm
U60,Wealth and poverty.,https://www.ruthenia.ru/folklore/thompson/u.htm
U110,Appearances,https://www.ruthenia.ru/folklore/thompson/u.htm
U120,Nature will show,https://www.ruthenia.ru/folklore/thompson/u.htm
U130,The power of,https://www.ruthenia.ru/folklore/thompson/u.htm
U140,One man‘s food is another man’s poison.,https://www.ruthenia.ru/folklore/thompson/u.htm
U150,Indifference of,https://www.ruthenia.ru/folklore/thompson/u.htm
U160,Misfortune with,https://www.ruthenia.ru/folklore/thompson/u.htm
U170,Behavior of the,https://www.ruthenia.ru/folklore/thompson/u.htm
U180,In vino veritas.,https://www.ruthenia.ru/folklore/thompson/u.htm
U210,"Bad ruler, bad",https://www.ruthenia.ru/folklore/thompson/u.htm
U220,Forced peace,https://www.ruthenia.ru/folklore/thompson/u.htm
U230,The nature of sin.,https://www.ruthenia.ru/folklore/thompson/u.htm
U240,Power of mind over,https://www.ruthenia.ru/folklore/thompson/u.htm
U250,Shortness of life.,https://www.ruthenia.ru/folklore/thompson/u.htm
U260,Passage of time.,https://www.ruthenia.ru/folklore/thompson/u.htm
U270,Security breeds,https://www.ruthenia.ru/folklore/thompson/u.htm
V0,Religious services,https://www.ruthenia.ru/folklore/thompson/v.htm
V10,Religious,https://www.ruthenia.ru/folklore/thompson/v.htm
V20,Confession of sins,https://www.ruthenia.ru/folklore/thompson/v.htm
V30,Sacrament,https://www.ruthenia.ru/folklore/thompson/v.htm
V40,Mass,https://www.ruthenia.ru/folklore/thompson/v.htm
V50,Prayer,https://www.ruthenia.ru/folklore/thompson/v.htm
V60,Funeral rites,https://www.ruthenia.ru/folklore/thompson/v.htm
V70,Religious feasts,https://www.ruthenia.ru/folklore/thompson/v.htm
V80,Religious,https://www.ruthenia.ru/folklore/thompson/v.htm
V100,Religious edifices,https://www.ruthenia.ru/folklore/thompson/v.htm
V110,Religious,https://www.ruthenia.ru/folklore/thompson/v.htm
V120,Images,https://www.ruthenia.ru/folklore/thompson/v.htm
V130,Other sacred,https://www.ruthenia.ru/folklore/thompson/v.htm
V140,Sacred relics,https://www.ruthenia.ru/folklore/thompson/v.htm
V150,Sacred,https://www.ruthenia.ru/folklore/thompson/v.htm
V200,Sacred persons,https://www.ruthenia.ru/folklore/thompson/v.htm
V210,Religious founders,https://www.ruthenia.ru/folklore/thompson/v.htm
V220,Saints,https://www.ruthenia.ru/folklore/thompson/v.htm
V230,Angels,https://www.ruthenia.ru/folklore/thompson/v.htm
V250,The Virgin Mary,https://www.ruthenia.ru/folklore/thompson/v.htm
V290,Other sacred,https://www.ruthenia.ru/folklore/thompson/v.htm
V300,Religious beliefs,https://www.ruthenia.ru/folklore/thompson/v.htm
V310,Particular dogmas,https://www.ruthenia.ru/folklore/thompson/v.htm
V320,Heretics,https://www.ruthenia.ru/folklore/thompson/v.htm
V330,Conversion from,https://www.ruthenia.ru/folklore/thompson/v.htm
V340,Miracle manifested,https://www.ruthenia.ru/folklore/thompson/v.htm
V350,Conflicts between,https://www.ruthenia.ru/folklore/thompson/v.htm
V360,Christian and,https://www.ruthenia.ru/folklore/thompson/v.htm
V380,Religious,https://www.ruthenia.ru/folklore/thompson/v.htm
V400,Charity,https://www.ruthenia.ru/folklore/thompson/v.htm
V410,Charity rewarded,https://www.ruthenia.ru/folklore/thompson/v.htm
V420,Reward of the,https://www.ruthenia.ru/folklore/thompson/v.htm
V430,Charity--miscellaneous,https://www.ruthenia.ru/folklore/thompson/v.htm
V440,Other religious,https://www.ruthenia.ru/folklore/thompson/v.htm
V450,Religious orders,https://www.ruthenia.ru/folklore/thompson/v.htm
V460,Clerical virtues,https://www.ruthenia.ru/folklore/thompson/v.htm
V470,Clerical vows,https://www.ruthenia.ru/folklore/thompson/v.htm
V510,Religious visions,https://www.ruthenia.ru/folklore/thompson/v.htm
V520,Salvation,https://www.ruthenia.ru/folklore/thompson/v.htm
V530,Pilgrimages,https://www.ruthenia.ru/folklore/thompson/v.htm
V540,Intervention of,https://www.ruthenia.ru/folklore/thompson/v.htm
V0,Religious services.,https://www.ruthenia.ru/folklore/thompson/v.htm
V10,Religious,https://www.ruthenia.ru/folklore/thompson/v.htm
V20,Confession of sins.,https://www.ruthenia.ru/folklore/thompson/v.htm
V30,Sacrament.,https://www.ruthenia.ru/folklore/thompson/v.htm
V40,Mass.,https://www.ruthenia.ru/folklore/thompson/v.htm
V50,Prayer.,https://www.ruthenia.ru/folklore/thompson/v.htm
V60,Funeral rites.,https://www.ruthenia.ru/folklore/thompson/v.htm
V70,Religious feasts,https://www.ruthenia.ru/folklore/thompson/v.htm
V80,Religious services--miscellaneous.,https://www.ruthenia.ru/folklore/thompson/v.htm
V100,Religious edifices,https://www.ruthenia.ru/folklore/thompson/v.htm
V110,Religious,https://www.ruthenia.ru/folklore/thompson/v.htm
V120,Images.,https://www.ruthenia.ru/folklore/thompson/v.htm
V130,Other sacred,https://www.ruthenia.ru/folklore/thompson/v.htm
V140,Sacred relics.,https://www.ruthenia.ru/folklore/thompson/v.htm
V150,Sacred,https://www.ruthenia.ru/folklore/thompson/v.htm
V200,Sacred persons.,https://www.ruthenia.ru/folklore/thompson/v.htm
V210,Religious,https://www.ruthenia.ru/folklore/thompson/v.htm
V220,Saints.,https://www.ruthenia.ru/folklore/thompson/v.htm
V230,Angels.,https://www.ruthenia.ru/folklore/thompson/v.htm
V250,The Virgin Mary.,https://www.ruthenia.ru/folklore/thompson/v.htm
V290,Other sacred,https://www.ruthenia.ru/folklore/thompson/v.htm
V300,Religious beliefs.,https://www.ruthenia.ru/folklore/thompson/v.htm
V310,Particular dogmas.,https://www.ruthenia.ru/folklore/thompson/v.htm
V320,Heretics.,https://www.ruthenia.ru/folklore/thompson/v.htm
V330,Conversion from,https://www.ruthenia.ru/folklore/thompson/v.htm
V340,Miracle manifested,https://www.ruthenia.ru/folklore/thompson/v.htm
V350,Conflicts between,https://www.ruthenia.ru/folklore/thompson/v.htm
V360,Christian and,https://www.ruthenia.ru/folklore/thompson/v.htm
V380,Religious,https://www.ruthenia.ru/folklore/thompson/v.htm
V400,Charity.,https://www.ruthenia.ru/folklore/thompson/v.htm
V410,Charity rewarded.,https://www.ruthenia.ru/folklore/thompson/v.htm
V420,Reward of the,https://www.ruthenia.ru/folklore/thompson/v.htm
V440,Other religious,https://www.ruthenia.ru/folklore/thompson/v.htm
V450,Religious orders.,https://www.ruthenia.ru/folklore/thompson/v.htm
V460,Clerical virtues,https://www.ruthenia.ru/folklore/thompson/v.htm
V470,Clerical vows.,https://www.ruthenia.ru/folklore/thompson/v.htm
V510,Religious visions.,https://www.ruthenia.ru/folklore/thompson/v.htm
V520,Salvation.,https://www.ruthenia.ru/folklore/thompson/v.htm
V530,Pilgrimages.,https://www.ruthenia.ru/folklore/thompson/v.htm
V540,Intervention of,https://www.ruthenia.ru/folklore/thompson/v.htm
W0,Favorable traits of,https://www.ruthenia.ru/folklore/thompson/w.htm
W10,Kindness,https://www.ruthenia.ru/folklore/thompson/w.htm
W20,Other favorable,https://www.ruthenia.ru/folklore/thompson/w.htm
W100,Unfavorable traits,https://www.ruthenia.ru/folklore/thompson/w.htm
W110,Unfavorable traits,https://www.ruthenia.ru/folklore/thompson/w.htm
W150,Unfavorable traits,https://www.ruthenia.ru/folklore/thompson/w.htm
W200,Traits of,https://www.ruthenia.ru/folklore/thompson/w.htm
W0,Favorable traits of,https://www.ruthenia.ru/folklore/thompson/w.htm
W10,Kindness.,https://www.ruthenia.ru/folklore/thompson/w.htm
W20,Other favorable,https://www.ruthenia.ru/folklore/thompson/w.htm
W100,Unfavorable traits,https://www.ruthenia.ru/folklore/thompson/w.htm
W110,Unfavorable traits,https://www.ruthenia.ru/folklore/thompson/w.htm
W150,Unfavorable traits,https://www.ruthenia.ru/folklore/thompson/w.htm
W200,Traits of,https://www.ruthenia.ru/folklore/thompson/w.htm
X0,Humor of,https://www.ruthenia.ru/folklore/thompson/x.htm
X100,Humor of disability,https://www.ruthenia.ru/folklore/thompson/x.htm
X110,Humor of deafness,https://www.ruthenia.ru/folklore/thompson/x.htm
X120,Humor of bad,https://www.ruthenia.ru/folklore/thompson/x.htm
X130,Other physical,https://www.ruthenia.ru/folklore/thompson/x.htm
X200,Humor dealing with,https://www.ruthenia.ru/folklore/thompson/x.htm
X210,Jokes about,https://www.ruthenia.ru/folklore/thompson/x.htm
X220,Jokes about,https://www.ruthenia.ru/folklore/thompson/x.htm
X230,Jokes about,https://www.ruthenia.ru/folklore/thompson/x.htm
X240,Jokes about,https://www.ruthenia.ru/folklore/thompson/x.htm
X250,Jokes about other,https://www.ruthenia.ru/folklore/thompson/x.htm
X300,Humor dealing with,https://www.ruthenia.ru/folklore/thompson/x.htm
X310,Jokes on lawyers,https://www.ruthenia.ru/folklore/thompson/x.htm
X330,Jokes on,https://www.ruthenia.ru/folklore/thompson/x.htm
X350,Jokes on teachers,https://www.ruthenia.ru/folklore/thompson/x.htm
X370,Jokes on scholars,https://www.ruthenia.ru/folklore/thompson/x.htm
X410,Jokes on parsons,https://www.ruthenia.ru/folklore/thompson/x.htm
X460,Humor concerning,https://www.ruthenia.ru/folklore/thompson/x.htm
X500,Humor concerning,https://www.ruthenia.ru/folklore/thompson/x.htm
X510,Jokes concerning,https://www.ruthenia.ru/folklore/thompson/x.htm
X520,Jokes concerning,https://www.ruthenia.ru/folklore/thompson/x.htm
X530,Jokes concerning,https://www.ruthenia.ru/folklore/thompson/x.htm
X540,Jokes on madmen,https://www.ruthenia.ru/folklore/thompson/x.htm
X550,Jokes on secret,https://www.ruthenia.ru/folklore/thompson/x.htm
X600,Humor concerning,https://www.ruthenia.ru/folklore/thompson/x.htm
X610,Jokes concerning,https://www.ruthenia.ru/folklore/thompson/x.htm
X650,Jokes concerning,https://www.ruthenia.ru/folklore/thompson/x.htm
X680,Jokes concerning,https://www.ruthenia.ru/folklore/thompson/x.htm
X700,Humor concerning,https://www.ruthenia.ru/folklore/thompson/x.htm
X750,Jokes on old maids,https://www.ruthenia.ru/folklore/thompson/x.htm
X760,Jokes on courtship,https://www.ruthenia.ru/folklore/thompson/x.htm
X800,Humor based on,https://www.ruthenia.ru/folklore/thompson/x.htm
X910,Lie: the,https://www.ruthenia.ru/folklore/thompson/x.htm
X920,Lie: the large man,https://www.ruthenia.ru/folklore/thompson/x.htm
X930,Lie: remarkable,https://www.ruthenia.ru/folklore/thompson/x.htm
X940,Lie: remarkably,https://www.ruthenia.ru/folklore/thompson/x.htm
X960,Lie: remarkable,https://www.ruthenia.ru/folklore/thompson/x.htm
X980,Lie: occupational,https://www.ruthenia.ru/folklore/thompson/x.htm
X1010,Lie: remarkable,https://www.ruthenia.ru/folklore/thompson/x.htm
X1020,Lie: remarkable,https://www.ruthenia.ru/folklore/thompson/x.htm
X1030,Lie: remarkable,https://www.ruthenia.ru/folklore/thompson/x.htm
X1060,Lie: other,https://www.ruthenia.ru/folklore/thompson/x.htm
X1070,Extraordinary man’s family,https://www.ruthenia.ru/folklore/thompson/x.htm
X1100,Lie: the remarkable,https://www.ruthenia.ru/folklore/thompson/x.htm
X1110,Lie: the,https://www.ruthenia.ru/folklore/thompson/x.htm
X1120,Lie: the great,https://www.ruthenia.ru/folklore/thompson/x.htm
X1130,Lie: hunter‘s unusual experiences,https://www.ruthenia.ru/folklore/thompson/x.htm
X1150,Lies about,https://www.ruthenia.ru/folklore/thompson/x.htm
X1200,Lie: remarkable,https://www.ruthenia.ru/folklore/thompson/x.htm
X1210,Lies about,https://www.ruthenia.ru/folklore/thompson/x.htm
X1250,Lies about birds,https://www.ruthenia.ru/folklore/thompson/x.htm
X1280,Lies about,https://www.ruthenia.ru/folklore/thompson/x.htm
X1300,Lies about fish,https://www.ruthenia.ru/folklore/thompson/x.htm
X1320,Lies about,https://www.ruthenia.ru/folklore/thompson/x.htm
X1340,Lie:,https://www.ruthenia.ru/folklore/thompson/x.htm
X1370,Lies about,https://www.ruthenia.ru/folklore/thompson/x.htm
X1400,Lies about,https://www.ruthenia.ru/folklore/thompson/x.htm
X1410,Lies about fruits,https://www.ruthenia.ru/folklore/thompson/x.htm
X1420,Lies about,https://www.ruthenia.ru/folklore/thompson/x.htm
X1450,Lies about field,https://www.ruthenia.ru/folklore/thompson/x.htm
X1470,Lies about trees,https://www.ruthenia.ru/folklore/thompson/x.htm
X1480,Lies about,https://www.ruthenia.ru/folklore/thompson/x.htm
X1490,Lie:,https://www.ruthenia.ru/folklore/thompson/x.htm
X1500,Lies about,https://www.ruthenia.ru/folklore/thompson/x.htm
X1510,Lies about land,https://www.ruthenia.ru/folklore/thompson/x.htm
X1520,Lies about,https://www.ruthenia.ru/folklore/thompson/x.htm
X1530,Lies about,https://www.ruthenia.ru/folklore/thompson/x.htm
X1540,Lies about water,https://www.ruthenia.ru/folklore/thompson/x.htm
X1550,Geography and,https://www.ruthenia.ru/folklore/thompson/x.htm
X1560,Lies about cities,https://www.ruthenia.ru/folklore/thompson/x.htm
X1600,Lies about,https://www.ruthenia.ru/folklore/thompson/x.htm
X1610,Lies about winds,https://www.ruthenia.ru/folklore/thompson/x.htm
X1620,Lies about cold,https://www.ruthenia.ru/folklore/thompson/x.htm
X1630,Lies about hot,https://www.ruthenia.ru/folklore/thompson/x.htm
X1640,Lies about dry,https://www.ruthenia.ru/folklore/thompson/x.htm
X1650,Lies about,https://www.ruthenia.ru/folklore/thompson/x.htm
X1660,Lies about,https://www.ruthenia.ru/folklore/thompson/x.htm
X1700,Lies: logical,https://www.ruthenia.ru/folklore/thompson/x.htm
X1710,Lies about,https://www.ruthenia.ru/folklore/thompson/x.htm
X1720,Absurd disregard of,https://www.ruthenia.ru/folklore/thompson/x.htm
X1740,Absurd disregard,https://www.ruthenia.ru/folklore/thompson/x.htm
X1750,Absurd disregard,https://www.ruthenia.ru/folklore/thompson/x.htm
X1760,Absurd disregard,https://www.ruthenia.ru/folklore/thompson/x.htm
X1780,Absurdity based,https://www.ruthenia.ru/folklore/thompson/x.htm
X1790,Other logical,https://www.ruthenia.ru/folklore/thompson/x.htm
X1800,Miscellaneous,https://www.ruthenia.ru/folklore/thompson/x.htm
X1810,Tall tales about,https://www.ruthenia.ru/folklore/thompson/x.htm
X1850,Other tall tales,https://www.ruthenia.ru/folklore/thompson/x.htm
X0,Humor of,https://www.ruthenia.ru/folklore/thompson/x.htm
X100,Humor of,https://www.ruthenia.ru/folklore/thompson/x.htm
X110,Humor of deafness.,https://www.ruthenia.ru/folklore/thompson/x.htm
X120,Humor of bad,https://www.ruthenia.ru/folklore/thompson/x.htm
X130,Other physical,https://www.ruthenia.ru/folklore/thompson/x.htm
X200,Humor dealing with,https://www.ruthenia.ru/folklore/thompson/x.htm
X210,Jokes about,https://www.ruthenia.ru/folklore/thompson/x.htm
X220,Jokes about,https://www.ruthenia.ru/folklore/thompson/x.htm
X230,Jokes about,https://www.ruthenia.ru/folklore/thompson/x.htm
X240,Jokes about,https://www.ruthenia.ru/folklore/thompson/x.htm
X250,Jokes about other,https://www.ruthenia.ru/folklore/thompson/x.htm
X300,Humor dealing with,https://www.ruthenia.ru/folklore/thompson/x.htm
X310,Jokes on lawyers.,https://www.ruthenia.ru/folklore/thompson/x.htm
X330,Jokes on,https://www.ruthenia.ru/folklore/thompson/x.htm
X350,Jokes on teachers.,https://www.ruthenia.ru/folklore/thompson/x.htm
X370,Jokes on scholars.,https://www.ruthenia.ru/folklore/thompson/x.htm
X410,Jokes on parsons.,https://www.ruthenia.ru/folklore/thompson/x.htm
X460,Humor concerning,https://www.ruthenia.ru/folklore/thompson/x.htm
X500,Humor concerning,https://www.ruthenia.ru/folklore/thompson/x.htm
X510,Jokes concerning,https://www.ruthenia.ru/folklore/thompson/x.htm
X520,Jokes concerning,https://www.ruthenia.ru/folklore/thompson/x.htm
X530,Jokes concerning,https://www.ruthenia.ru/folklore/thompson/x.htm
X540,Jokes on madmen.,https://www.ruthenia.ru/folklore/thompson/x.htm
X550,Jokes on secret,https://www.ruthenia.ru/folklore/thompson/x.htm
X600,Humor concerning,https://www.ruthenia.ru/folklore/thompson/x.htm
X610,Jokes concerning,https://www.ruthenia.ru/folklore/thompson/x.htm
X650,Jokes concerning,https://www.ruthenia.ru/folklore/thompson/x.htm
X680,Jokes concerning,https://www.ruthenia.ru/folklore/thompson/x.htm
X700,Humor concerning,https://www.ruthenia.ru/folklore/thompson/x.htm
X750,Jokes on old,https://www.ruthenia.ru/folklore/thompson/x.htm
X751,Marriage forbidden,https://www.ruthenia.ru/folklore/thompson/x.htm
X760,Jokes on,https://www.ruthenia.ru/folklore/thompson/x.htm
X800,Humor based on,https://www.ruthenia.ru/folklore/thompson/x.htm
X900,Humor of lies and,https://www.ruthenia.ru/folklore/thompson/x.htm
X910,Lie: the remarkable,https://www.ruthenia.ru/folklore/thompson/x.htm
X920,Lie: the large,https://www.ruthenia.ru/folklore/thompson/x.htm
X930,Lie: remarkable,https://www.ruthenia.ru/folklore/thompson/x.htm
X940,Lie: remarkably,https://www.ruthenia.ru/folklore/thompson/x.htm
X960,Lie: remarkable,https://www.ruthenia.ru/folklore/thompson/x.htm
X980,Lie: occupational,https://www.ruthenia.ru/folklore/thompson/x.htm
X1010,Lie: remarkable,https://www.ruthenia.ru/folklore/thompson/x.htm
X1020,Lie: remarkable,https://www.ruthenia.ru/folklore/thompson/x.htm
X1030,Lie: remarkable,https://www.ruthenia.ru/folklore/thompson/x.htm
X1060,Lie: other,https://www.ruthenia.ru/folklore/thompson/x.htm
X1070,Extraordinary man‘s family.,https://www.ruthenia.ru/folklore/thompson/x.htm
X1080,Lie: occupations,https://www.ruthenia.ru/folklore/thompson/x.htm
X1100,Lie: the,https://www.ruthenia.ru/folklore/thompson/x.htm
X1110,The wonderful,https://www.ruthenia.ru/folklore/thompson/x.htm
X1120,Lie: the great,https://www.ruthenia.ru/folklore/thompson/x.htm
X1130,Lie: hunter’s unusual experiences.,https://www.ruthenia.ru/folklore/thompson/x.htm
X1150,Lies about,https://www.ruthenia.ru/folklore/thompson/x.htm
X1200,Lie: remarkable,https://www.ruthenia.ru/folklore/thompson/x.htm
X1210,Lies about,https://www.ruthenia.ru/folklore/thompson/x.htm
X1250,Lies about birds.,https://www.ruthenia.ru/folklore/thompson/x.htm
X1280,Lies about,https://www.ruthenia.ru/folklore/thompson/x.htm
X1300,Lies about fish.,https://www.ruthenia.ru/folklore/thompson/x.htm
X1320,Lies about,https://www.ruthenia.ru/folklore/thompson/x.htm
X1340,Lie:,https://www.ruthenia.ru/folklore/thompson/x.htm
X1370,Lies about,https://www.ruthenia.ru/folklore/thompson/x.htm
X1400,Lies about,https://www.ruthenia.ru/folklore/thompson/x.htm
X1410,Lies about,https://www.ruthenia.ru/folklore/thompson/x.htm
X1420,Lies about,https://www.ruthenia.ru/folklore/thompson/x.htm
X1450,Lies about field,https://www.ruthenia.ru/folklore/thompson/x.htm
X1470,Lies about trees.,https://www.ruthenia.ru/folklore/thompson/x.htm
X1480,Lies about,https://www.ruthenia.ru/folklore/thompson/x.htm
X1490,Lie:,https://www.ruthenia.ru/folklore/thompson/x.htm
X1500,Lies about,https://www.ruthenia.ru/folklore/thompson/x.htm
X1510,Lies about land,https://www.ruthenia.ru/folklore/thompson/x.htm
X1520,Lies about,https://www.ruthenia.ru/folklore/thompson/x.htm
X1530,Lies about,https://www.ruthenia.ru/folklore/thompson/x.htm
X1540,Lies about water,https://www.ruthenia.ru/folklore/thompson/x.htm
X1550,Geography and,https://www.ruthenia.ru/folklore/thompson/x.htm
X1560,Lies about,https://www.ruthenia.ru/folklore/thompson/x.htm
X1600,Lies about,https://www.ruthenia.ru/folklore/thompson/x.htm
X1610,Lies about winds,https://www.ruthenia.ru/folklore/thompson/x.htm
X1620,Lies about cold,https://www.ruthenia.ru/folklore/thompson/x.htm
X1630,Lies about hot,https://www.ruthenia.ru/folklore/thompson/x.htm
X1640,Lies about dry,https://www.ruthenia.ru/folklore/thompson/x.htm
X1650,Lies about,https://www.ruthenia.ru/folklore/thompson/x.htm
X1660,Lies about,https://www.ruthenia.ru/folklore/thompson/x.htm
X1700,Lies: logical,https://www.ruthenia.ru/folklore/thompson/x.htm
X1710,Lies about,https://www.ruthenia.ru/folklore/thompson/x.htm
X1720,Absurd disregard,https://www.ruthenia.ru/folklore/thompson/x.htm
X1740,Absurd disregard,https://www.ruthenia.ru/folklore/thompson/x.htm
X1750,Absurd disregard,https://www.ruthenia.ru/folklore/thompson/x.htm
X1760,Absurd disregard,https://www.ruthenia.ru/folklore/thompson/x.htm
X1780,Absurdity based,https://www.ruthenia.ru/folklore/thompson/x.htm
X1790,Other logical,https://www.ruthenia.ru/folklore/thompson/x.htm
X1800,Miscellaneous,https://www.ruthenia.ru/folklore/thompson/x.htm
X1810,Tall tales about,https://www.ruthenia.ru/folklore/thompson/x.htm
X1850,Other tall tales.,https://www.ruthenia.ru/folklore/thompson/x.htm
Z0,Formulas,https://www.ruthenia.ru/folklore/thompson/z.htm
Z10,Formulistic,https://www.ruthenia.ru/folklore/thompson/z.htm
Z20,Cumulative tales,https://www.ruthenia.ru/folklore/thompson/z.htm
Z30,Chains involving a,https://www.ruthenia.ru/folklore/thompson/z.htm
Z40,Chains with,https://www.ruthenia.ru/folklore/thompson/z.htm
Z50,Cumulative,https://www.ruthenia.ru/folklore/thompson/z.htm
Z60,Other formulistic,https://www.ruthenia.ru/folklore/thompson/z.htm
Z100,Symbolism,https://www.ruthenia.ru/folklore/thompson/z.htm
Z110,Personifications,https://www.ruthenia.ru/folklore/thompson/z.htm
Z140,Color symbolism,https://www.ruthenia.ru/folklore/thompson/z.htm
Z150,Other symbols,https://www.ruthenia.ru/folklore/thompson/z.htm
Z200,Heroes,https://www.ruthenia.ru/folklore/thompson/z.htm
Z210,Brothers as heroes,https://www.ruthenia.ru/folklore/thompson/z.htm
Z230,Extraordinary,https://www.ruthenia.ru/folklore/thompson/z.htm
Z300,Unique exceptions,https://www.ruthenia.ru/folklore/thompson/z.htm
Z310,Unique,https://www.ruthenia.ru/folklore/thompson/z.htm
Z320,Object will fit,https://www.ruthenia.ru/folklore/thompson/z.htm
Z350,Other unique,https://www.ruthenia.ru/folklore/thompson/z.htm
Z0,Formulas.,https://www.ruthenia.ru/folklore/thompson/z.htm
Z10,Formulistic,https://www.ruthenia.ru/folklore/thompson/z.htm
Z20,Cumulative tales.,https://www.ruthenia.ru/folklore/thompson/z.htm
Z30,Chains involving a,https://www.ruthenia.ru/folklore/thompson/z.htm
Z40,Chains with,https://www.ruthenia.ru/folklore/thompson/z.htm
Z50,Cumulative,https://www.ruthenia.ru/folklore/thompson/z.htm
Z60,Other formulistic,https://www.ruthenia.ru/folklore/thompson/z.htm
Z80,Formulistic rimes.,https://www.ruthenia.ru/folklore/thompson/z.htm
Z90,Miscellaneous,https://www.ruthenia.ru/folklore/thompson/z.htm
Z100,Symbolism.,https://www.ruthenia.ru/folklore/thompson/z.htm
Z110,Personifications.,https://www.ruthenia.ru/folklore/thompson/z.htm
Z140,Color symbolism.,https://www.ruthenia.ru/folklore/thompson/z.htm
Z150,Other symbols.,https://www.ruthenia.ru/folklore/thompson/z.htm
Z200,Heroes.,https://www.ruthenia.ru/folklore/thompson/z.htm
Z210,Brothers as,https://www.ruthenia.ru/folklore/thompson/z.htm
Z230,Extraordinary,https://www.ruthenia.ru/folklore/thompson/z.htm
Z300,Unique exceptions.,https://www.ruthenia.ru/folklore/thompson/z.htm
Z310,Unique,https://www.ruthenia.ru/folklore/thompson/z.htm
Z320,Object will fit,https://www.ruthenia.ru/folklore/thompson/z.htm
Z350,Other unique,https://www.ruthenia.ru/folklore/thompson/z.htm
